id,x_S2_L2A_2018-12-10,y_S2_L2A_2018-12-10,x_S2_L2A_2025-12-10,y_S2_L2A_2025-12-10,easting_S2_L2A_2018-12-10,northing_S2_L2A_2018-12-10,ransac_inlier
0,545.89,720.15,546.58,719.19,243252.6,2713123.2,1
1,445.14,1082.98,444.86,1082.82,242245.0,2709495.8,1
2,1174.07,1010.2,1173.48,1018.32,249535.5,2710223.5,0
3,549.01,1031.53,524.79,1023.31,243283.8,2710010.2,0
4,223.9,573.72,223.97,573.73,240032.1,2714587.2,1
5,1138.72,122.57,1138.94,122.64,249182.0,2719097.8,1
6,8.06,846.02,7.6,845.95,237873.4,2711865.0,1
7,672.74,187.31,672.59,187.27,244521.3,2718450.5,1
8,224.82,767.7,219.31,907.61,240041.3,2712648.0,0
9,1521.31,567.96,1521.24,567.76,253008.6,2714645.0,1
10,11.77,857.41,12.43,856.57,237910.5,2711751.0,1
11,532.69,733.68,533.03,733.56,243120.6,2712988.0,1
12,14.81,743.01,352.69,934.21,237940.9,2712894.8,0
13,1166.47,159.57,1166.19,159.54,249459.5,2718728.0,1
14,252.06,536.42,252.16,536.53,240313.8,2714960.2,1
15,532.36,693.08,532.52,694.87,243117.3,2713394.0,0
16,1280.29,973.4,1276.77,972.06,250597.9,2710591.5,0
17,1204.44,1049.32,460.09,95.37,249839.3,2709832.2,0
18,1664.19,790.47,1671.05,795.13,254437.7,2712420.2,0
19,577.13,678.62,576.28,679.21,243565.1,2713538.5,1
20,1166.0,303.62,1166.0,303.58,249454.8,2717287.8,1
21,21.82,750.62,20.63,749.04,238010.9,2712818.8,0
22,229.81,333.5,229.56,333.73,240091.3,2716989.0,1
23,1488.96,989.02,1489.66,988.44,252685.0,2710435.2,1
24,25.09,854.42,25.37,854.22,238043.6,2711781.0,1
25,531.03,1040.65,565.12,769.21,243104.0,2709919.0,0
26,231.76,784.42,231.26,783.54,240110.7,2712480.8,1
27,231.76,784.42,231.26,783.54,240110.7,2712480.8,1
28,1161.71,8.6,1161.97,8.48,249412.0,2720237.2,1
29,1161.71,8.6,1161.97,8.48,249412.0,2720237.2,1
30,664.19,1029.73,664.19,1029.78,244435.8,2710028.2,1
31,233.36,335.03,233.33,334.99,240126.8,2716973.8,1
32,31.16,860.46,31.0,860.3,238104.4,2711720.5,1
33,233.69,406.88,233.79,406.88,240130.1,2716255.2,1
34,33.55,821.23,33.04,821.68,238128.3,2712112.8,1
35,243.36,402.43,243.19,402.23,240226.8,2716299.8,1
36,234.94,585.31,234.82,585.2,240142.5,2714471.5,1
37,1649.26,818.97,1648.95,818.81,254288.4,2712135.2,1
38,528.98,242.52,529.03,242.11,243083.5,2717898.5,1
39,37.8,623.98,37.21,623.71,238170.8,2714084.8,1
40,236.89,776.6,237.84,776.44,240162.1,2712559.0,1
41,566.39,667.33,565.98,666.16,243457.7,2713651.5,1
42,659.83,276.45,660.11,276.68,244392.2,2717559.2,1
43,237.12,399.22,237.07,399.36,240164.3,2716332.0,1
44,566.39,667.33,565.98,666.16,243457.7,2713651.5,1
45,40.66,932.93,247.35,644.58,238199.5,2710996.0,0
46,1020.64,1026.79,1019.87,1028.45,248001.0,2710057.5,1
47,1156.45,154.95,1156.28,154.85,249359.4,2718774.0,1
48,1646.02,1022.15,1646.51,1022.56,254255.9,2710104.0,1
49,1646.02,1022.15,1646.51,1022.56,254255.9,2710104.0,1
50,570.28,709.5,570.04,708.93,243496.5,2713229.8,1
51,658.07,1028.11,658.16,1028.37,244374.6,2710044.5,1
52,677.33,578.68,677.38,578.74,244567.3,2714537.8,1
53,655.88,265.92,656.04,265.9,244352.7,2717664.8,1
54,992.97,333.88,992.51,334.36,247724.2,2716985.2,1
55,49.7,890.93,49.79,890.94,238289.8,2711415.8,1
56,1028.64,1019.68,1028.86,1020.33,248081.0,2710128.8,1
57,651.87,1024.73,652.05,1024.53,244312.6,2710078.2,1
58,51.88,791.9,46.24,788.74,238311.6,2712406.0,0
59,434.58,728.58,434.69,728.51,242139.4,2713039.0,1
60,649.94,268.95,649.94,268.84,244293.3,2717634.2,1
61,1636.75,805.33,1636.7,806.72,254163.2,2712271.8,1
62,432.59,720.49,432.77,720.29,242119.4,2713120.0,1
63,57.73,868.9,57.62,867.48,238370.2,2711636.2,0
64,57.91,846.85,57.91,847.37,238372.0,2711856.5,1
65,57.91,846.85,57.91,847.37,238372.0,2711856.5,1
66,980.95,1031.91,1807.93,1018.07,247604.0,2710006.2,0
67,1302.15,938.88,1302.22,938.94,250816.6,2710936.5,1
68,1302.15,938.88,1302.22,938.94,250816.6,2710936.5,1
69,60.0,835.25,60.37,835.29,238392.8,2711972.5,1
70,60.82,853.2,60.88,852.98,238401.0,2711793.0,1
71,979.81,1022.87,980.27,1023.11,247592.6,2710096.8,1
72,429.46,709.94,429.79,710.34,242088.1,2713225.5,1
73,1634.04,815.11,1633.36,814.98,254136.1,2712174.0,1
74,65.82,825.55,65.84,825.68,238451.0,2712069.5,1
75,66.7,844.85,66.79,844.92,238459.9,2711876.5,1
76,1256.52,911.32,1258.05,911.84,250360.2,2711212.0,0
77,643.37,774.94,643.41,774.83,244227.6,2712575.5,1
78,421.86,706.99,422.17,707.32,242012.1,2713255.0,1
79,1252.55,895.33,1252.41,895.74,250320.5,2711372.0,1
80,74.38,820.48,74.58,820.47,238536.7,2712120.2,1
81,1251.17,43.73,1251.16,43.91,250306.7,2719886.0,1
82,1250.54,998.94,1248.99,998.9,250300.4,2710336.0,1
83,711.23,89.89,711.38,89.93,244906.3,2719424.5,1
84,711.23,89.89,711.38,89.93,244906.3,2719424.5,1
85,86.77,867.88,86.75,867.93,238660.6,2711646.2,1
86,635.73,868.69,636.15,868.27,244151.2,2711638.2,1
87,87.0,876.91,85.82,877.96,238662.9,2711556.0,1
88,1324.32,53.9,1324.4,53.63,251038.3,2719784.2,1
89,407.65,247.02,407.42,247.06,241870.0,2717853.5,1
90,949.32,344.76,949.39,344.84,247287.6,2716876.5,1
91,90.96,831.87,91.08,832.1,238702.5,2712006.5,1
92,404.84,714.94,404.92,715.09,241841.8,2713175.5,1
93,1059.0,277.51,1059.04,277.58,248384.6,2717548.8,1
94,93.42,868.36,93.49,868.12,238727.1,2711641.5,1
95,1617.88,810.56,1617.99,810.67,253974.4,2712219.5,1
96,1617.88,810.56,1617.99,810.67,253974.4,2712219.5,1
97,1328.82,110.8,1325.24,111.89,251083.4,2719215.5,0
98,1328.82,110.8,1325.24,111.89,251083.4,2719215.5,0
99,401.5,811.41,401.8,811.27,241808.4,2712211.0,1
100,401.5,811.41,401.8,811.27,241808.4,2712211.0,1
101,96.22,821.54,96.46,821.76,238755.1,2712109.5,1
102,96.22,821.54,96.46,821.76,238755.1,2712109.5,1
103,722.82,195.22,70.18,1078.32,245022.2,2718371.5,0
104,630.91,1085.13,630.98,1084.37,244103.0,2709474.2,1
105,1331.7,765.32,1331.99,764.6,251112.2,2712671.8,1
106,1614.08,195.21,1610.16,191.33,253936.4,2718371.5,0
107,397.38,778.03,397.01,777.89,241767.2,2712544.8,1
108,393.83,694.52,401.15,697.75,241731.7,2713379.5,0
109,628.21,824.04,628.06,822.92,244076.0,2712084.8,1
110,1340.74,173.52,1340.72,173.36,251202.5,2718588.5,1
111,1341.93,466.25,1342.01,466.12,251214.4,2715661.8,1
112,1605.14,770.97,1598.91,773.51,253847.0,2712615.2,0
113,910.85,358.58,911.03,357.17,246902.9,2716738.2,1
114,485.13,465.77,485.85,466.1,242644.9,2715666.5,1
115,1067.99,1024.68,1067.56,1024.6,248474.5,2710078.8,1
116,116.4,401.56,115.88,402.19,238957.0,2716308.5,1
117,1603.71,875.98,1603.81,875.83,253832.8,2711565.2,1
118,1347.01,150.65,1347.01,150.82,251265.3,2718817.0,1
119,386.24,772.41,387.07,772.36,241655.9,2712600.8,1
120,386.24,772.41,387.07,772.36,241655.9,2712600.8,1
121,1348.94,896.57,1349.04,896.56,251284.5,2711359.5,1
122,624.55,1060.89,625.56,1061.25,244039.4,2709716.8,1
123,1073.16,281.54,1073.56,281.41,248526.2,2717508.5,1
124,384.03,189.29,384.33,189.13,241633.7,2718430.8,1
125,903.18,357.36,903.45,357.73,246826.2,2716750.5,1
126,122.25,404.47,122.2,404.57,239015.5,2716279.5,1
127,1352.82,314.85,1352.9,314.85,251323.4,2717175.5,1
128,122.94,661.13,122.71,661.15,239022.3,2713713.5,1
129,1355.69,142.89,1355.79,142.73,251352.0,2718894.8,1
130,623.24,1056.02,623.81,1056.01,244026.2,2709765.2,1
131,1601.56,133.24,1600.61,133.33,253811.2,2718991.2,1
132,379.44,780.21,379.98,779.71,241587.8,2712522.8,1
133,125.65,398.3,125.7,398.44,239049.4,2716341.0,1
134,378.91,715.83,379.19,715.83,241582.6,2713166.5,1
135,489.54,1082.33,490.15,1082.73,242689.0,2709502.2,1
136,378.8,767.43,378.55,767.21,241581.4,2712650.8,1
137,377.93,703.21,378.1,703.12,241572.7,2713292.8,1
138,489.77,1078.44,489.9,1078.4,242691.3,2709541.2,1
139,489.77,1078.44,489.9,1078.4,242691.3,2709541.2,1
140,1361.47,309.6,1361.44,309.58,251409.9,2717228.0,1
141,372.46,699.7,373.32,699.66,241518.0,2713327.8,1
142,868.18,237.24,868.04,237.32,246476.1,2717951.2,1
143,867.7,121.36,868.47,124.92,246471.3,2719110.0,0
144,1366.18,316.83,1364.24,316.74,251457.0,2717155.8,0
145,1082.24,1023.91,1082.78,1023.27,248617.1,2710086.5,1
146,1370.83,307.48,1370.71,307.93,251503.5,2717249.2,1
147,618.15,1045.46,618.22,1045.33,243975.3,2709871.0,1
148,769.17,625.76,654.18,381.02,245485.8,2714067.0,0
149,861.91,171.31,861.88,171.52,246413.4,2718610.5,1
150,1373.66,314.94,1374.67,314.44,251531.9,2717174.5,1
151,363.56,279.98,363.11,279.83,241429.0,2717524.0,1
152,145.33,747.31,145.33,747.31,239246.3,2712851.8,1
153,1089.59,618.09,1099.0,624.56,248690.6,2714143.8,0
154,1380.31,321.58,1380.39,321.74,251598.4,2717108.2,1
155,358.85,281.86,358.51,282.22,241381.9,2717505.2,1
156,358.64,274.61,358.7,275.08,241379.8,2717577.8,1
157,357.97,287.91,357.84,287.81,241373.1,2717444.8,1
158,1230.45,147.91,1230.55,147.96,250099.5,2718844.5,1
159,1588.21,210.35,1588.45,210.44,253677.7,2718220.2,1
160,1229.14,47.18,1229.0,47.08,250086.4,2719851.5,1
161,1586.23,564.19,1586.23,564.59,253657.9,2714682.5,1
162,1392.66,119.21,1394.9,119.37,251721.9,2719131.5,0
163,1226.63,149.93,1226.62,149.98,250061.3,2718824.2,1
164,610.3,731.56,610.65,731.29,243896.8,2713009.2,1
165,815.93,36.14,761.37,575.11,245953.5,2719962.0,0
166,811.65,41.29,811.98,41.1,245910.7,2719910.5,1
167,1224.09,15.9,1222.65,15.75,250035.9,2720164.2,1
168,1106.02,1033.48,1106.18,1034.02,248855.0,2709990.8,1
169,803.25,394.98,803.24,395.08,245826.7,2716374.2,1
170,607.2,144.53,607.28,145.27,243865.8,2718878.2,1
171,607.05,753.75,607.92,753.99,243864.3,2712787.5,1
172,1685.36,904.9,1685.16,904.85,254649.3,2711276.2,1
173,177.11,368.72,177.02,368.65,239564.1,2716636.8,1
174,501.96,156.8,501.94,157.07,242813.3,2718755.5,1
175,502.22,377.89,502.19,377.89,242815.8,2716545.2,1
176,1696.99,1024.1,884.62,836.02,254765.7,2710084.5,0
177,604.19,886.38,1598.46,648.98,243835.7,2711461.5,0
178,1221.84,1053.51,1221.99,1053.19,250013.4,2709790.5,1
179,603.67,32.35,603.73,31.91,243830.5,2719999.8,1
180,1702.05,898.78,1702.33,898.86,254816.3,2711337.5,1
181,325.91,305.34,324.78,307.37,241052.4,2717270.5,0
182,1710.85,918.11,1710.66,918.28,254904.3,2711144.2,1
183,181.01,876.05,184.05,879.24,239603.2,2711564.8,0
184,1712.19,905.24,1711.53,904.96,254917.8,2711272.8,1
185,322.36,316.95,976.42,595.9,241016.9,2717154.5,0
186,1220.66,143.2,1220.79,143.17,250001.5,2718891.5,1
187,181.86,991.88,181.77,992.07,239611.7,2710406.5,1
188,181.86,991.88,181.77,992.07,239611.7,2710406.5,1
189,1220.02,45.26,1220.15,45.45,249995.2,2719870.8,1
190,318.82,329.84,319.27,330.12,240981.5,2717025.5,1
191,1724.84,935.01,1724.96,935.3,255044.2,2710975.2,1
192,1727.33,846.21,1727.33,846.09,255069.2,2711863.0,1
193,1422.14,69.21,361.01,445.08,252016.7,2719631.2,0
194,504.8,277.81,505.53,278.02,242841.6,2717545.8,1
195,1119.55,1009.81,1127.26,1021.8,248990.2,2710227.5,0
196,1430.14,121.49,1430.2,121.19,252096.7,2719108.5,1
197,1738.42,973.09,1738.63,973.08,255180.1,2710594.5,1
198,1217.97,894.64,1218.84,894.44,249974.6,2711378.8,1
199,1432.7,111.24,1432.94,111.36,252122.3,2719211.2,1
200,306.73,271.37,310.97,267.24,240860.6,2717610.2,0
201,192.19,364.86,192.26,364.94,239715.0,2716675.5,1
202,1122.45,59.89,1122.2,60.14,249019.2,2719724.5,1
203,1215.74,153.45,1218.1,154.36,249952.3,2718789.0,0
204,1123.96,701.87,1124.43,701.76,249034.4,2713306.0,1
205,1439.64,984.61,1439.56,984.64,252191.8,2710479.2,1
206,1439.64,984.61,1439.56,984.64,252191.8,2710479.2,1
207,1439.64,984.61,1439.56,984.64,252191.8,2710479.2,1
208,595.33,415.79,1641.6,780.79,243747.1,2716166.2,0
209,508.41,582.81,509.4,578.97,242877.8,2714496.5,0
210,1764.42,111.76,1766.26,108.67,255440.1,2719206.0,0
211,1769.61,890.22,1769.57,890.13,255492.0,2711423.0,1
212,198.88,558.79,198.88,558.68,239781.9,2714736.5,1
213,199.78,563.78,199.76,563.96,239790.9,2714686.8,1
214,1771.48,140.77,1771.56,140.89,255510.7,2718915.8,1
215,1127.21,608.34,471.91,217.39,249066.9,2714241.2,0
216,1558.93,544.25,1561.55,545.44,253384.8,2714882.0,0
217,202.14,421.3,201.95,421.55,239814.5,2716111.2,1
218,511.17,589.89,510.97,589.35,242905.3,2714425.8,1
219,511.17,589.89,510.97,589.35,242905.3,2714425.8,1
220,1553.03,532.9,1553.01,532.97,253325.9,2714995.5,1
221,590.6,627.15,590.71,627.33,243699.8,2714053.2,1
222,1452.56,62.06,1452.7,60.91,252320.9,2719702.8,1
223,1453.16,125.77,1452.9,125.61,252326.9,2719065.8,1
224,1801.94,907.44,1801.74,907.29,255815.4,2711250.8,1
225,513.43,537.0,513.17,537.09,242928.0,2714954.5,1
226,1807.97,103.53,1807.27,102.63,255875.7,2719288.2,1
227,209.17,1034.35,209.2,1034.57,239884.8,2709982.0,1
228,589.26,679.66,589.5,679.67,243686.4,2713528.0,1
229,588.59,413.58,890.63,696.36,243679.7,2716188.2,0
230,1544.93,144.15,1547.51,142.24,253244.8,2718882.0,0
231,212.72,916.31,213.29,916.45,239920.3,2711162.2,1
232,1182.0,9.54,1181.93,9.31,249614.8,2720227.8,1
233,587.35,232.23,587.37,232.58,243667.3,2718001.5,1
234,1183.65,16.02,1183.66,16.23,249631.4,2720163.2,1
235,538.21,102.89,538.59,103.06,243175.8,2719294.5,1
236,1180.59,731.61,1180.92,730.33,249600.8,2713008.8,0
237,1464.05,983.08,1465.37,983.29,252435.9,2710494.5,0
238,1464.05,983.08,1465.37,983.29,252435.9,2710494.5,0
239,544.01,320.15,544.21,319.99,243233.8,2717122.5,1
240,217.86,566.77,217.92,566.76,239971.8,2714656.8,1
241,1177.26,163.04,761.83,616.54,249567.5,2718693.2,0
242,584.1,882.79,584.95,882.7,243634.8,2711497.2,1
243,1185.5,7.74,1185.36,7.37,249649.9,2720246.0,1
244,1185.55,133.99,1185.62,133.95,249650.3,2718983.8,1
245,1468.35,472.44,1468.26,472.39,252478.9,2715600.0,1
246,1185.55,133.99,1185.62,133.95,249650.3,2718983.8,1
247,1186.03,11.93,1186.26,12.26,249655.2,2720204.0,1
248,578.29,783.0,578.36,783.7,243576.6,2712495.0,1
249,501.65,978.61,501.63,978.6,242810.1,2710539.2,1
250,613.08,918.22,1031.28,530.19,243924.6,2711143.0,0
251,613.08,918.22,613.46,918.36,243924.6,2711143.0,1
252,1086.81,734.15,1086.84,734.21,248662.8,2712983.2,1
253,1710.94,909.89,1710.98,910.02,254905.2,2711226.2,1
254,125.84,393.79,126.14,393.86,239051.4,2716386.2,1
255,141.23,410.71,141.22,410.7,239205.3,2716217.0,1
256,1276.35,51.52,1276.41,51.36,250558.6,2719808.2,1
257,27.99,852.57,27.81,852.67,238072.7,2711799.5,1
258,303.55,1003.15,39.51,807.23,240828.8,2710294.0,0
259,193.92,902.21,194.25,905.05,239732.3,2711303.2,0
260,1437.8,823.35,1434.43,822.65,252173.3,2712091.5,0
261,1643.45,823.2,1643.49,823.47,254230.2,2712093.0,1
262,39.52,858.56,39.88,858.26,238188.0,2711739.5,1
263,1028.63,598.1,912.37,556.89,248080.9,2714343.5,0
264,50.45,847.85,50.64,847.94,238297.3,2711846.5,1
265,987.84,605.98,1179.65,7.92,247672.9,2714264.8,0
266,1303.73,45.85,1304.38,45.85,250832.3,2719864.8,1
267,1823.94,870.63,1824.04,870.71,256035.4,2711618.8,1
268,209.71,671.34,208.68,671.35,239890.2,2713611.2,1
269,643.27,903.77,643.76,904.43,244226.6,2711287.5,1
270,206.63,353.34,206.77,353.35,239859.4,2716790.5,1
271,135.07,391.6,135.15,391.56,239143.7,2716408.2,1
272,406.34,703.32,406.32,703.52,241856.8,2713291.5,1
273,94.43,824.68,94.5,824.81,238737.2,2712078.2,1
274,1141.93,123.82,1141.7,124.06,249214.0,2719085.2,1
275,1129.72,882.81,305.58,696.17,249091.9,2711497.0,0
276,822.19,1071.6,822.26,1071.68,246016.2,2709609.5,1
277,998.7,255.7,998.9,256.02,247781.5,2717766.8,1
278,633.07,1061.65,633.17,1061.59,244124.6,2709709.0,1
279,13.23,826.5,10.69,826.17,237925.0,2712060.0,0
280,21.67,852.55,22.19,852.42,238009.5,2711799.8,1
281,162.54,491.76,162.44,491.08,239418.4,2715406.8,1
282,162.12,752.25,162.37,752.4,239414.2,2712802.2,1
283,1727.09,922.82,1699.93,900.35,255066.8,2711097.0,0
284,1581.16,114.2,1580.87,115.1,253607.2,2719181.5,1
285,783.64,252.28,783.59,251.96,245630.5,2717801.0,1
286,1151.26,149.86,1151.64,149.85,249307.4,2718825.0,1
287,1125.9,365.97,1144.61,126.01,249053.8,2716664.2,0
288,211.08,923.86,211.3,923.82,239904.0,2711086.5,1
289,1145.21,132.88,1145.24,131.98,249246.9,2718994.8,1
290,122.07,395.82,122.13,395.86,239013.6,2716366.0,1
291,213.36,754.24,213.3,754.02,239926.8,2712782.5,1
292,122.07,395.82,122.13,395.86,239013.6,2716366.0,1
293,1637.36,893.31,664.4,50.2,254169.3,2711392.0,0
294,554.14,674.23,554.94,675.1,243335.1,2713582.2,1
295,62.02,831.56,62.04,831.59,238413.0,2712009.5,1
296,493.39,481.38,493.31,481.14,242727.5,2715510.5,1
297,1470.54,823.09,12.89,1010.37,252500.8,2712094.2,0
298,641.22,930.12,53.94,777.99,244206.1,2711024.0,0
299,219.97,907.92,219.31,907.61,239992.8,2711246.0,1
300,129.04,389.93,128.99,390.03,239083.3,2716424.8,1
301,1175.86,15.06,1176.21,15.41,249553.5,2720172.8,1
302,493.39,481.38,493.31,481.14,242727.5,2715510.5,1
303,493.69,473.26,493.62,473.6,242730.5,2715591.8,1
304,455.05,1029.83,1742.84,788.47,242344.1,2710027.2,0
305,1260.65,897.36,1260.64,897.55,250401.5,2711351.5,1
306,497.3,478.86,497.56,478.49,242766.6,2715535.8,1
307,320.96,354.02,772.99,384.37,241002.9,2716783.8,0
308,860.4,155.27,860.44,155.07,246398.3,2718771.0,1
309,399.52,711.69,400.19,711.7,241788.6,2713208.0,1
310,332.78,920.0,1053.74,493.99,241121.1,2711125.2,0
311,132.32,399.69,132.64,399.57,239116.2,2716327.2,1
312,528.44,606.41,529.12,606.89,243078.0,2714260.5,1
313,1353.2,137.45,1352.88,137.2,251327.1,2718949.0,1
314,228.01,577.5,227.9,577.57,240073.2,2714549.5,1
