id,x_px_2018,y_px_2018,x_px_2025,y_px_2025,easting_2018_m,northing_2018_m,easting_2025_m,northing_2025_m,ransac_inlier
0,545.89,720.15,546.58,719.19,243252.6,2713123.4,243259.5,2713133.0,1
1,445.14,1082.98,444.86,1082.82,242244.9,2709495.9,242242.1,2709497.5,1
2,1174.07,1010.2,1173.48,1018.32,249535.6,2710223.5,249529.7,2710142.3,0
3,549.01,1031.53,524.79,1023.31,243283.8,2710010.2,243041.6,2710092.4,0
4,223.9,573.72,223.97,573.73,240032.1,2714587.3,240032.8,2714587.2,1
5,1138.72,122.57,1138.94,122.64,249182.0,2719097.9,249184.2,2719097.2,1
6,8.06,846.02,7.6,845.95,237873.3,2711864.9,237868.7,2711865.6,1
7,672.74,187.31,672.59,187.27,244521.3,2718450.6,244519.8,2718451.0,1
8,224.82,767.7,219.31,907.61,240041.3,2712648.0,239986.2,2711249.2,0
9,1521.31,567.96,1521.24,567.76,253008.6,2714644.9,253007.9,2714646.9,1
10,11.77,857.41,12.43,856.57,237910.5,2711751.1,237917.1,2711759.5,1
11,532.69,733.68,533.03,733.56,243120.6,2712988.1,243124.0,2712989.3,1
12,14.81,743.01,352.69,934.21,237940.9,2712894.8,241320.3,2710983.2,0
13,1166.47,159.57,1166.19,159.54,249459.5,2718727.9,249456.7,2718728.2,1
14,252.06,536.42,252.16,536.53,240313.8,2714960.3,240314.8,2714959.2,1
15,532.36,693.08,532.52,694.87,243117.3,2713394.0,243118.9,2713376.1,0
16,1280.29,973.4,1276.77,972.06,250597.9,2710591.4,250562.7,2710604.8,0
17,1204.44,1049.32,460.09,95.37,249839.3,2709832.4,242394.5,2719369.8,0
18,1664.19,790.47,1671.05,795.13,254437.6,2712420.3,254506.2,2712373.7,0
19,577.13,678.62,576.28,679.21,243565.1,2713538.6,243556.6,2713532.7,1
20,1166.0,303.62,1166.0,303.58,249454.8,2717287.8,249454.8,2717288.2,1
21,21.82,750.62,20.63,749.04,238011.0,2712818.7,237999.1,2712834.5,0
22,229.81,333.5,229.56,333.73,240091.2,2716989.0,240088.7,2716986.7,1
23,1488.96,989.02,1489.66,988.44,252685.0,2710435.2,252692.0,2710441.0,1
24,25.09,854.42,25.37,854.22,238043.7,2711781.0,238046.5,2711783.0,1
25,531.03,1040.65,565.12,769.21,243104.0,2709919.1,243445.0,2712632.9,0
26,231.76,784.42,231.26,783.54,240110.8,2712480.8,240105.8,2712489.6,1
27,231.76,784.42,231.26,783.54,240110.8,2712480.8,240105.8,2712489.6,1
28,1161.71,8.6,1161.97,8.48,249411.9,2720237.3,249414.5,2720238.5,1
29,1161.71,8.6,1161.97,8.48,249411.9,2720237.3,249414.5,2720238.5,1
30,664.19,1029.73,664.19,1029.78,244435.8,2710028.2,244435.8,2710027.7,1
31,233.36,335.03,233.33,334.99,240126.8,2716973.7,240126.5,2716974.1,1
32,31.16,860.46,31.0,860.3,238104.4,2711720.6,238102.8,2711722.2,1
33,233.69,406.88,233.79,406.88,240130.1,2716255.4,240131.1,2716255.4,1
34,33.55,821.23,33.04,821.68,238128.3,2712112.8,238123.2,2712108.3,1
35,243.36,402.43,243.19,402.23,240226.8,2716299.9,240225.1,2716301.9,1
36,234.94,585.31,234.82,585.2,240142.6,2714471.5,240141.4,2714472.6,1
37,1649.26,818.97,1648.95,818.81,254288.3,2712135.4,254285.2,2712137.0,1
38,528.98,242.52,529.03,242.11,243083.5,2717898.6,243084.0,2717902.7,1
39,37.8,623.98,37.21,623.71,238170.8,2714084.9,238164.9,2714087.6,1
40,236.89,776.6,237.84,776.44,240162.1,2712559.0,240171.6,2712560.6,1
41,566.39,667.33,565.98,666.16,243457.7,2713651.4,243453.6,2713663.1,1
42,659.83,276.45,660.11,276.68,244392.2,2717559.4,244395.0,2717557.1,1
43,237.12,399.22,237.07,399.36,240164.4,2716332.0,240163.9,2716330.6,1
44,566.39,667.33,565.98,666.16,243457.7,2713651.4,243453.6,2713663.1,1
45,40.66,932.93,247.35,644.58,238199.4,2710996.0,240266.7,2713878.9,0
46,1020.64,1026.79,1019.87,1028.45,248001.0,2710057.6,247993.3,2710041.0,1
47,1156.45,154.95,1156.28,154.85,249359.3,2718774.1,249357.6,2718775.1,1
48,1646.02,1022.15,1646.51,1022.56,254255.9,2710104.0,254260.8,2710099.9,1
49,1646.02,1022.15,1646.51,1022.56,254255.9,2710104.0,254260.8,2710099.9,1
50,570.28,709.5,570.04,708.93,243496.6,2713229.8,243494.2,2713235.5,1
51,658.07,1028.11,658.16,1028.37,244374.6,2710044.4,244375.5,2710041.8,1
52,677.33,578.68,677.38,578.74,244567.3,2714537.8,244567.8,2714537.2,1
53,655.88,265.92,656.04,265.9,244352.7,2717664.7,244354.3,2717664.9,1
54,992.97,333.88,992.51,334.36,247724.2,2716985.2,247719.6,2716980.4,1
55,49.7,890.93,49.79,890.94,238289.8,2711415.9,238290.7,2711415.8,1
56,1028.64,1019.68,1028.86,1020.33,248081.0,2710128.7,248083.2,2710122.2,1
57,651.87,1024.73,652.05,1024.53,244312.6,2710078.2,244314.4,2710080.2,1
58,51.88,791.9,46.24,788.74,238311.6,2712406.0,238255.2,2712437.6,0
59,434.58,728.58,434.69,728.51,242139.3,2713039.1,242140.4,2713039.8,1
60,649.94,268.95,649.94,268.84,244293.3,2717634.4,244293.3,2717635.5,1
61,1636.75,805.33,1636.7,806.72,254163.2,2712271.7,254162.7,2712257.9,1
62,432.59,720.49,432.77,720.29,242119.4,2713120.0,242121.2,2713122.0,1
63,57.73,868.9,57.62,867.48,238370.1,2711636.2,238369.0,2711650.4,0
64,57.91,846.85,57.91,847.37,238371.9,2711856.6,238371.9,2711851.4,1
65,57.91,846.85,57.91,847.37,238371.9,2711856.6,238371.9,2711851.4,1
66,980.95,1031.91,1807.93,1018.07,247604.0,2710006.4,255875.3,2710144.8,0
67,1302.15,938.88,1302.22,938.94,250816.6,2710936.5,250817.3,2710935.9,1
68,1302.15,938.88,1302.22,938.94,250816.6,2710936.5,250817.3,2710935.9,1
69,60.0,835.25,60.37,835.29,238392.8,2711972.6,238396.5,2711972.2,1
70,60.82,853.2,60.88,852.98,238401.0,2711793.2,238401.6,2711795.4,1
71,979.81,1022.87,980.27,1023.11,247592.6,2710096.8,247597.2,2710094.4,1
72,429.46,709.94,429.79,710.34,242088.1,2713225.4,242091.4,2713221.4,1
73,1634.04,815.11,1633.36,814.98,254136.1,2712174.0,254129.3,2712175.3,1
74,65.82,825.55,65.84,825.68,238451.1,2712069.6,238451.3,2712068.3,1
75,66.7,844.85,66.79,844.92,238459.9,2711876.6,238460.8,2711875.9,1
76,1256.52,911.32,1258.05,911.84,250360.2,2711212.1,250375.5,2711206.9,0
77,643.37,774.94,643.41,774.83,244227.6,2712575.6,244228.0,2712576.7,1
78,421.86,706.99,422.17,707.32,242012.1,2713254.9,242015.2,2713251.6,1
79,1252.55,895.33,1252.41,895.74,250320.5,2711371.9,250319.1,2711367.8,1
80,74.38,820.48,74.58,820.47,238536.7,2712120.3,238538.7,2712120.4,1
81,1251.17,43.73,1251.16,43.91,250306.7,2719886.1,250306.6,2719884.3,1
82,1250.54,998.94,1248.99,998.9,250300.4,2710336.1,250284.9,2710336.5,1
83,711.23,89.89,711.38,89.93,244906.3,2719424.6,244907.8,2719424.2,1
84,711.23,89.89,711.38,89.93,244906.3,2719424.6,244907.8,2719424.2,1
85,86.77,867.88,86.75,867.93,238660.6,2711646.4,238660.4,2711645.9,1
86,635.73,868.69,636.15,868.27,244151.2,2711638.3,244155.4,2711642.5,1
87,87.0,876.91,85.82,877.96,238662.9,2711556.1,238651.1,2711545.6,1
88,1324.32,53.9,1324.4,53.63,251038.3,2719784.4,251039.1,2719787.1,1
89,407.65,247.02,407.42,247.06,241870.0,2717853.6,241867.7,2717853.2,1
90,949.32,344.76,949.39,344.84,247287.6,2716876.4,247288.3,2716875.6,1
91,90.96,831.87,91.08,832.1,238702.5,2712006.4,238703.7,2712004.1,1
92,404.84,714.94,404.92,715.09,241841.9,2713175.5,241842.7,2713174.0,1
93,1059.0,277.51,1059.04,277.58,248384.6,2717548.8,248385.0,2717548.1,1
94,93.42,868.36,93.49,868.12,238727.1,2711641.6,238727.8,2711644.0,1
95,1617.88,810.56,1617.99,810.67,253974.5,2712219.5,253975.6,2712218.4,1
96,1617.88,810.56,1617.99,810.67,253974.5,2712219.5,253975.6,2712218.4,1
97,1328.82,110.8,1325.24,111.89,251083.3,2719215.5,251047.5,2719204.6,0
98,1328.82,110.8,1325.24,111.89,251083.3,2719215.5,251047.5,2719204.6,0
99,401.5,811.41,401.8,811.27,241808.5,2712211.0,241811.5,2712212.4,1
100,401.5,811.41,401.8,811.27,241808.5,2712211.0,241811.5,2712212.4,1
101,96.22,821.54,96.46,821.76,238755.1,2712109.7,238757.5,2712107.5,1
102,96.22,821.54,96.46,821.76,238755.1,2712109.7,238757.5,2712107.5,1
103,722.82,195.22,70.18,1078.32,245022.2,2718371.5,238494.7,2709542.4,0
104,630.91,1085.13,630.98,1084.37,244103.0,2709474.4,244103.7,2709482.0,1
105,1331.7,765.32,1331.99,764.6,251112.1,2712671.8,251115.0,2712679.0,1
106,1614.08,195.21,1610.16,191.33,253936.4,2718371.6,253897.2,2718410.4,0
107,397.38,778.03,397.01,777.89,241767.3,2712544.7,241763.5,2712546.1,1
108,393.83,694.52,401.15,697.75,241731.7,2713379.6,241805.0,2713347.3,0
109,628.21,824.04,628.06,822.92,244076.0,2712084.7,244074.5,2712095.9,1
110,1340.74,173.52,1340.72,173.36,251202.6,2718588.5,251202.4,2718590.1,1
111,1341.93,466.25,1342.01,466.12,251214.5,2715661.8,251215.3,2715663.1,1
112,1605.14,770.97,1598.91,773.51,253847.0,2712615.3,253784.7,2712589.9,0
113,910.85,358.58,911.03,357.17,246902.9,2716738.3,246904.7,2716752.4,1
114,485.13,465.77,485.85,466.1,242644.9,2715666.6,242652.1,2715663.3,1
115,1067.99,1024.68,1067.56,1024.6,248474.6,2710078.7,248470.3,2710079.5,1
116,116.4,401.56,115.88,402.19,238956.9,2716308.6,238951.7,2716302.3,1
117,1603.71,875.98,1603.81,875.83,253832.7,2711565.4,253833.7,2711566.9,1
118,1347.01,150.65,1347.01,150.82,251265.3,2718817.1,251265.3,2718815.4,1
119,386.24,772.41,387.07,772.36,241655.8,2712600.9,241664.1,2712601.4,1
120,386.24,772.41,387.07,772.36,241655.8,2712600.9,241664.1,2712601.4,1
121,1348.94,896.57,1349.04,896.56,251284.6,2711359.5,251285.6,2711359.6,1
122,624.55,1060.89,625.56,1061.25,244039.4,2709716.7,244049.5,2709713.1,1
123,1073.16,281.54,1073.56,281.41,248526.3,2717508.5,248530.3,2717509.8,1
124,384.03,189.29,384.33,189.13,241633.7,2718430.8,241636.7,2718432.4,1
125,903.18,357.36,903.45,357.73,246826.2,2716750.5,246828.9,2716746.8,1
126,122.25,404.47,122.2,404.57,239015.5,2716279.5,239015.0,2716278.5,1
127,1352.82,314.85,1352.9,314.85,251323.4,2717175.5,251324.2,2717175.5,1
128,122.94,661.13,122.71,661.15,239022.4,2713713.4,239020.1,2713713.2,1
129,1355.69,142.89,1355.79,142.73,251352.1,2718894.7,251353.1,2718896.3,1
130,623.24,1056.02,623.81,1056.01,244026.3,2709765.4,244032.0,2709765.5,1
131,1601.56,133.24,1600.61,133.33,253811.2,2718991.2,253801.7,2718990.3,1
132,379.44,780.21,379.98,779.71,241587.8,2712522.9,241593.2,2712527.9,1
133,125.65,398.3,125.7,398.44,239049.5,2716341.2,239050.0,2716339.8,1
134,378.91,715.83,379.19,715.83,241582.5,2713166.6,241585.3,2713166.6,1
135,489.54,1082.33,490.15,1082.73,242689.0,2709502.4,242695.1,2709498.4,1
136,378.8,767.43,378.55,767.21,241581.4,2712650.7,241578.9,2712652.9,1
137,377.93,703.21,378.1,703.12,241572.7,2713292.7,241574.4,2713293.6,1
138,489.77,1078.44,489.9,1078.4,242691.3,2709541.2,242692.6,2709541.6,1
139,489.77,1078.44,489.9,1078.4,242691.3,2709541.2,242692.6,2709541.6,1
140,1361.47,309.6,1361.44,309.58,251409.9,2717228.0,251409.6,2717228.2,1
141,372.46,699.7,373.32,699.66,241518.0,2713327.8,241526.6,2713328.2,1
142,868.18,237.24,868.04,237.32,246476.1,2717951.4,246474.7,2717950.6,1
143,867.7,121.36,868.47,124.92,246471.3,2719110.0,246479.0,2719074.4,0
144,1366.18,316.83,1364.24,316.74,251457.0,2717155.7,251437.6,2717156.6,0
145,1082.24,1023.91,1082.78,1023.27,248617.1,2710086.4,248622.5,2710092.8,1
146,1370.83,307.48,1370.71,307.93,251503.5,2717249.2,251502.3,2717244.7,1
147,618.15,1045.46,618.22,1045.33,243975.3,2709871.0,243976.0,2709872.3,1
148,769.17,625.76,654.18,381.02,245485.8,2714067.1,244335.7,2716513.9,0
149,861.91,171.31,861.88,171.52,246413.4,2718610.6,246413.1,2718608.5,1
150,1373.66,314.94,1374.67,314.44,251531.8,2717174.6,251541.9,2717179.6,1
151,363.56,279.98,363.11,279.83,241429.0,2717524.1,241424.5,2717525.6,1
152,145.33,747.31,145.33,747.31,239246.3,2712851.8,239246.3,2712851.8,1
153,1089.59,618.09,1099.0,624.56,248690.6,2714143.7,248784.7,2714079.1,0
154,1380.31,321.58,1380.39,321.74,251598.3,2717108.2,251599.1,2717106.6,1
155,358.85,281.86,358.51,282.22,241381.9,2717505.3,241378.5,2717501.7,1
156,358.64,274.61,358.7,275.08,241379.8,2717577.8,241380.4,2717573.1,1
157,357.97,287.91,357.84,287.81,241373.1,2717444.8,241371.8,2717445.8,1
158,1230.45,147.91,1230.55,147.96,250099.5,2718844.5,250100.5,2718844.0,1
159,1588.21,210.35,1588.45,210.44,253677.7,2718220.3,253680.1,2718219.4,1
160,1229.14,47.18,1229.0,47.08,250086.4,2719851.6,250085.0,2719852.6,1
161,1586.23,564.19,1586.23,564.59,253657.9,2714682.6,253657.9,2714678.6,1
162,1392.66,119.21,1394.9,119.37,251721.8,2719131.5,251744.2,2719129.9,0
163,1226.63,149.93,1226.62,149.98,250061.2,2718824.3,250061.1,2718823.8,1
164,610.3,731.56,610.65,731.29,243896.8,2713009.3,243900.3,2713012.0,1
165,815.93,36.14,761.37,575.11,245953.5,2719962.0,245407.8,2714573.4,0
166,811.65,41.29,811.98,41.1,245910.7,2719910.5,245914.0,2719912.4,1
167,1224.09,15.9,1222.65,15.75,250035.8,2720164.3,250021.4,2720165.8,1
168,1106.02,1033.48,1106.18,1034.02,248854.9,2709990.7,248856.5,2709985.3,1
169,803.25,394.98,803.24,395.08,245826.7,2716374.4,245826.6,2716373.4,1
170,607.2,144.53,607.28,145.27,243865.8,2718878.3,243866.6,2718870.9,1
171,607.05,753.75,607.92,753.99,243864.3,2712787.4,243873.0,2712785.0,1
172,1685.36,904.9,1685.16,904.85,254649.4,2711276.3,254647.4,2711276.8,1
173,177.11,368.72,177.02,368.65,239564.2,2716636.9,239563.3,2716637.6,1
174,501.96,156.8,501.94,157.07,242813.2,2718755.6,242813.0,2718752.9,1
175,502.22,377.89,502.19,377.89,242815.8,2716545.2,242815.5,2716545.2,1
176,1696.99,1024.1,884.62,836.02,254765.7,2710084.5,246640.5,2711964.9,0
177,604.19,886.38,1598.46,648.98,243835.7,2711461.4,253780.2,2713834.9,0
178,1221.84,1053.51,1221.99,1053.19,250013.3,2709790.5,250014.8,2709793.7,1
179,603.67,32.35,603.73,31.91,243830.5,2719999.9,243831.1,2720004.3,1
180,1702.05,898.78,1702.33,898.86,254816.3,2711337.5,254819.1,2711336.7,1
181,325.91,305.34,324.78,307.37,241052.4,2717270.6,241041.1,2717250.3,0
182,1710.85,918.11,1710.66,918.28,254904.3,2711144.2,254902.4,2711142.5,1
183,181.01,876.05,184.05,879.24,239603.2,2711564.7,239633.6,2711532.8,0
184,1712.19,905.24,1711.53,904.96,254917.7,2711272.9,254911.1,2711275.7,1
185,322.36,316.95,976.42,595.9,241016.9,2717154.5,247558.7,2714365.6,0
186,1220.66,143.2,1220.79,143.17,250001.5,2718891.6,250002.8,2718891.9,1
187,181.86,991.88,181.77,992.07,239611.7,2710406.7,239610.8,2710404.8,1
188,181.86,991.88,181.77,992.07,239611.7,2710406.7,239610.8,2710404.8,1
189,1220.02,45.26,1220.15,45.45,249995.1,2719870.8,249996.4,2719868.9,1
190,318.82,329.84,319.27,330.12,240981.5,2717025.6,240986.0,2717022.8,1
191,1724.84,935.01,1724.96,935.3,255044.2,2710975.2,255045.4,2710972.3,1
192,1727.33,846.21,1727.33,846.09,255069.1,2711863.0,255069.1,2711864.2,1
193,1422.14,69.21,361.01,445.08,252016.7,2719631.3,241403.5,2715873.5,0
194,504.8,277.81,505.53,278.02,242841.6,2717545.8,242848.9,2717543.7,1
195,1119.55,1009.81,1127.26,1021.8,248990.3,2710227.4,249067.4,2710107.5,0
196,1430.14,121.49,1430.2,121.19,252096.7,2719108.7,252097.3,2719111.7,1
197,1738.42,973.09,1738.63,973.08,255180.1,2710594.5,255182.2,2710594.6,1
198,1217.97,894.64,1218.84,894.44,249974.6,2711378.8,249983.3,2711380.8,1
199,1432.7,111.24,1432.94,111.36,252122.3,2719211.1,252124.7,2719209.9,1
200,306.73,271.37,310.97,267.24,240860.6,2717610.2,240903.0,2717651.5,0
201,192.19,364.86,192.26,364.94,239715.0,2716675.5,239715.7,2716674.7,1
202,1122.45,59.89,1122.2,60.14,249019.3,2719724.5,249016.8,2719722.0,1
203,1215.74,153.45,1218.1,154.36,249952.3,2718789.1,249975.9,2718780.0,0
204,1123.96,701.87,1124.43,701.76,249034.4,2713306.1,249039.1,2713307.2,1
205,1439.64,984.61,1439.56,984.64,252191.7,2710479.3,252190.9,2710479.0,1
206,1439.64,984.61,1439.56,984.64,252191.7,2710479.3,252190.9,2710479.0,1
207,1439.64,984.61,1439.56,984.64,252191.7,2710479.3,252190.9,2710479.0,1
208,595.33,415.79,1641.6,780.79,243747.1,2716166.3,254211.7,2712517.1,0
209,508.41,582.81,509.4,578.97,242877.8,2714496.5,242887.7,2714534.9,0
210,1764.42,111.76,1766.26,108.67,255440.1,2719205.9,255458.5,2719236.8,0
211,1769.61,890.22,1769.57,890.13,255492.0,2711423.0,255491.6,2711423.9,1
212,198.88,558.79,198.88,558.68,239781.9,2714736.6,239781.9,2714737.7,1
213,199.78,563.78,199.76,563.96,239790.9,2714686.7,239790.7,2714684.9,1
214,1771.48,140.77,1771.56,140.89,255510.7,2718915.9,255511.5,2718914.7,1
215,1127.21,608.34,471.91,217.39,249066.9,2714241.2,242512.7,2718149.9,0
216,1558.93,544.25,1561.55,545.44,253384.8,2714882.0,253411.1,2714870.1,0
217,202.14,421.3,201.95,421.55,239814.5,2716111.2,239812.6,2716108.7,1
218,511.17,589.89,510.97,589.35,242905.4,2714425.7,242903.4,2714431.1,1
219,511.17,589.89,510.97,589.35,242905.4,2714425.7,242903.4,2714431.1,1
220,1553.03,532.9,1553.01,532.97,253325.8,2714995.5,253325.6,2714994.8,1
221,590.6,627.15,590.71,627.33,243699.8,2714053.2,243700.9,2714051.4,1
222,1452.56,62.06,1452.7,60.91,252321.0,2719702.8,252322.4,2719714.3,1
223,1453.16,125.77,1452.9,125.61,252327.0,2719065.9,252324.4,2719067.5,1
224,1801.94,907.44,1801.74,907.29,255815.4,2711250.9,255813.4,2711252.4,1
225,513.43,537.0,513.17,537.09,242928.0,2714954.5,242925.4,2714953.6,1
226,1807.97,103.53,1807.27,102.63,255875.7,2719288.2,255868.7,2719297.2,1
227,209.17,1034.35,209.2,1034.57,239884.8,2709982.0,239885.1,2709979.8,1
228,589.26,679.66,589.5,679.67,243686.4,2713528.2,243688.8,2713528.1,1
229,588.59,413.58,890.63,696.36,243679.7,2716188.4,246700.6,2713361.2,0
230,1544.93,144.15,1547.51,142.24,253244.8,2718882.1,253270.6,2718901.2,0
231,212.72,916.31,213.29,916.45,239920.3,2711162.2,239926.0,2711160.8,1
232,1182.0,9.54,1181.93,9.31,249614.9,2720227.9,249614.2,2720230.2,1
233,587.35,232.23,587.37,232.58,243667.3,2718001.5,243667.5,2717998.0,1
234,1183.65,16.02,1183.66,16.23,249631.4,2720163.1,249631.5,2720161.0,1
235,538.21,102.89,538.59,103.06,243175.8,2719294.6,243179.6,2719292.9,1
236,1180.59,731.61,1180.92,730.33,249600.8,2713008.8,249604.1,2713021.6,0
237,1464.05,983.08,1465.37,983.29,252435.9,2710494.6,252449.1,2710492.5,0
238,1464.05,983.08,1465.37,983.29,252435.9,2710494.6,252449.1,2710492.5,0
239,544.01,320.15,544.21,319.99,243233.8,2717122.5,243235.8,2717124.1,1
240,217.86,566.77,217.92,566.76,239971.7,2714656.8,239972.3,2714656.9,1
241,1177.26,163.04,761.83,616.54,249567.5,2718693.3,245412.4,2714159.2,0
242,584.1,882.79,584.95,882.7,243634.8,2711497.3,243643.3,2711498.2,1
243,1185.5,7.74,1185.36,7.37,249649.9,2720245.9,249648.5,2720249.6,1
244,1185.55,133.99,1185.62,133.95,249650.4,2718983.7,249651.1,2718984.1,1
245,1468.35,472.44,1468.26,472.39,252478.9,2715599.9,252478.0,2715600.4,1
246,1185.55,133.99,1185.62,133.95,249650.4,2718983.7,249651.1,2718984.1,1
247,1186.03,11.93,1186.26,12.26,249655.2,2720204.0,249657.5,2720200.7,1
248,578.29,783.0,578.36,783.7,243576.7,2712495.0,243577.4,2712488.0,1
249,501.65,978.61,501.63,978.6,242810.1,2710539.3,242809.9,2710539.4,1
250,613.08,918.22,1031.28,530.19,243924.6,2711143.1,248107.4,2715022.5,0
251,613.08,918.22,613.46,918.36,243924.6,2711143.1,243928.4,2711141.7,1
252,1086.81,734.15,1086.84,734.21,248662.8,2712983.4,248663.1,2712982.8,1
253,1710.94,909.89,1710.98,910.02,254905.2,2711226.4,254905.6,2711225.1,1
254,125.84,393.79,126.14,393.86,239051.4,2716386.3,239054.4,2716385.6,1
255,141.23,410.71,141.22,410.7,239205.3,2716217.1,239205.2,2716217.2,1
256,1276.35,51.52,1276.41,51.36,250558.5,2719808.2,250559.1,2719809.8,1
257,27.99,852.57,27.81,852.67,238072.7,2711799.5,238070.9,2711798.5,1
258,303.55,1003.15,39.51,807.23,240828.8,2710294.0,238187.9,2712252.8,0
259,193.92,902.21,194.25,905.05,239732.3,2711303.2,239735.6,2711274.8,0
260,1437.8,823.35,1434.43,822.65,252173.3,2712091.6,252139.6,2712098.6,0
261,1643.45,823.2,1643.49,823.47,254230.2,2712093.1,254230.6,2712090.4,1
262,39.52,858.56,39.88,858.26,238188.0,2711739.6,238191.6,2711742.6,1
263,1028.63,598.1,912.37,556.89,248080.9,2714343.6,246918.1,2714755.6,0
264,50.45,847.85,50.64,847.94,238297.3,2711846.6,238299.2,2711845.7,1
265,987.84,605.98,1179.65,7.92,247672.9,2714264.8,249591.4,2720244.1,0
266,1303.73,45.85,1304.38,45.85,250832.4,2719864.9,250838.9,2719864.9,1
267,1823.94,870.63,1824.04,870.71,256035.4,2711618.9,256036.4,2711618.1,1
268,209.71,671.34,208.68,671.35,239890.2,2713611.4,239879.9,2713611.3,1
269,643.27,903.77,643.76,904.43,244226.6,2711287.6,244231.5,2711281.0,1
270,206.63,353.34,206.77,353.35,239859.4,2716790.7,239860.8,2716790.6,1
271,135.07,391.6,135.15,391.56,239143.7,2716408.1,239144.5,2716408.5,1
272,406.34,703.32,406.32,703.52,241856.9,2713291.6,241856.7,2713289.6,1
273,94.43,824.68,94.5,824.81,238737.2,2712078.3,238737.9,2712077.0,1
274,1141.93,123.82,1141.7,124.06,249214.1,2719085.4,249211.8,2719083.0,1
275,1129.72,882.81,305.58,696.17,249092.0,2711497.1,240849.1,2713363.1,0
276,822.19,1071.6,822.26,1071.68,246016.1,2709609.6,246016.8,2709608.8,1
277,998.7,255.7,998.9,256.02,247781.5,2717766.9,247783.5,2717763.7,1
278,633.07,1061.65,633.17,1061.59,244124.6,2709709.1,244125.6,2709709.7,1
279,13.23,826.5,10.69,826.17,237925.1,2712060.1,237899.7,2712063.4,0
280,21.67,852.55,22.19,852.42,238009.5,2711799.7,238014.7,2711801.0,1
281,162.54,491.76,162.44,491.08,239418.4,2715406.8,239417.4,2715413.6,1
282,162.12,752.25,162.37,752.4,239414.2,2712802.4,239416.7,2712800.9,1
283,1727.09,922.82,1699.93,900.35,255066.7,2711097.1,254795.1,2711321.8,0
284,1581.16,114.2,1580.87,115.1,253607.2,2719181.5,253604.3,2719172.5,1
285,783.64,252.28,783.59,251.96,245630.5,2717801.0,245630.0,2717804.2,1
286,1151.26,149.86,1151.64,149.85,249307.4,2718825.0,249311.2,2718825.1,1
287,1125.9,365.97,1144.61,126.01,249053.8,2716664.4,249240.9,2719063.5,0
288,211.08,923.86,211.3,923.82,239903.9,2711086.7,239906.1,2711087.1,1
289,1145.21,132.88,1145.24,131.98,249246.9,2718994.8,249247.2,2719003.8,1
290,122.07,395.82,122.13,395.86,239013.7,2716366.0,239014.3,2716365.6,1
291,213.36,754.24,213.3,754.02,239926.7,2712782.5,239926.1,2712784.7,1
292,122.07,395.82,122.13,395.86,239013.7,2716366.0,239014.3,2716365.6,1
293,1637.36,893.31,664.4,50.2,254169.3,2711392.1,244437.9,2719821.4,0
294,554.14,674.23,554.94,675.1,243335.1,2713582.5,243343.1,2713573.8,1
295,62.02,831.56,62.04,831.59,238413.0,2712009.5,238413.2,2712009.2,1
296,493.39,481.38,493.31,481.14,242727.5,2715510.5,242726.7,2715512.9,1
297,1470.54,823.09,12.89,1010.37,252500.8,2712094.2,237921.7,2710221.8,0
298,641.22,930.12,53.94,777.99,244206.1,2711024.1,238332.2,2712545.1,0
299,219.97,907.92,219.31,907.61,239992.8,2711246.1,239986.2,2711249.2,1
300,129.04,389.93,128.99,390.03,239083.4,2716424.8,239082.9,2716423.8,1
301,1175.86,15.06,1176.21,15.41,249553.5,2720172.7,249557.0,2720169.2,1
302,493.39,481.38,493.31,481.14,242727.5,2715510.5,242726.7,2715512.9,1
303,493.69,473.26,493.62,473.6,242730.5,2715591.7,242729.8,2715588.3,1
304,455.05,1029.83,1742.84,788.47,242344.1,2710027.2,255224.3,2712440.3,0
305,1260.65,897.36,1260.64,897.55,250401.5,2711351.6,250401.4,2711349.7,1
306,497.3,478.86,497.56,478.49,242766.6,2715535.7,242769.2,2715539.4,1
307,320.96,354.02,772.99,384.37,241002.9,2716783.9,245524.0,2716480.4,0
308,860.4,155.27,860.44,155.07,246398.3,2718770.9,246398.7,2718772.9,1
309,399.52,711.69,400.19,711.7,241788.7,2713207.9,241795.4,2713207.8,1
310,332.78,920.0,1053.74,493.99,241121.1,2711125.3,248332.0,2715384.5,0
311,132.32,399.69,132.64,399.57,239116.2,2716327.3,239119.4,2716328.5,1
312,528.44,606.41,529.12,606.89,243078.1,2714260.5,243084.9,2714255.7,1
313,1353.2,137.45,1352.88,137.2,251327.2,2718949.1,251324.0,2718951.6,1
314,228.01,577.5,227.9,577.57,240073.2,2714549.6,240072.1,2714548.9,1
