trial,detector,filter,kp_ref,kp_mov,matches,inliers,inlier_ratio,rmse_px,success,rot_deg,scale,shear,tx,ty
0,harris,none,3000,3000,560,378,0.675,0.12006971745015106,True,0.5478467492858172,0.9907914685505548,-0.009180529521276107,-14.504170934144128,9.398107176008171
0,harris,open_water,3000,3000,555,344,0.6198198198198198,0.24849157643986108,True,0.5478467492858172,0.9907914685505548,-0.009180529521276107,-14.504170934144128,9.398107176008171
0,harris,landcover,1766,3000,167,60,0.3592814371257485,0.3887215084702601,True,0.5478467492858172,0.9907914685505548,-0.009180529521276107,-14.504170934144128,9.398107176008171
0,shitomasi,none,3000,3000,539,317,0.588126159554731,0.3299821229889545,True,0.5478467492858172,0.9907914685505548,-0.009180529521276107,-14.504170934144128,9.398107176008171
0,shitomasi,open_water,3000,3000,527,300,0.5692599620493358,0.29746799517390216,True,0.5478467492858172,0.9907914685505548,-0.009180529521276107,-14.504170934144128,9.398107176008171
0,shitomasi,landcover,3000,3000,223,62,0.27802690582959644,0.9150855825384581,True,0.5478467492858172,0.9907914685505548,-0.009180529521276107,-14.504170934144128,9.398107176008171
0,fast,none,3000,3000,410,273,0.6658536585365854,0.2022321545290987,True,0.5478467492858172,0.9907914685505548,-0.009180529521276107,-14.504170934144128,9.398107176008171
0,fast,open_water,3000,3000,416,286,0.6875,0.14332287395558124,True,0.5478467492858172,0.9907914685505548,-0.009180529521276107,-14.504170934144128,9.398107176008171
0,fast,landcover,3000,3000,154,62,0.4025974025974026,0.3448456237802731,True,0.5478467492858172,0.9907914685505548,-0.009180529521276107,-14.504170934144128,9.398107176008171
0,orb,none,3000,3000,240,139,0.5791666666666667,0.45118745253604114,True,0.5478467492858172,0.9907914685505548,-0.009180529521276107,-14.504170934144128,9.398107176008171
0,orb,open_water,3000,3000,242,143,0.5909090909090909,0.4927141210155169,True,0.5478467492858172,0.9907914685505548,-0.009180529521276107,-14.504170934144128,9.398107176008171
0,orb,landcover,3000,3000,77,19,0.24675324675324675,1.035780841935645,False,0.5478467492858172,0.9907914685505548,-0.009180529521276107,-14.504170934144128,9.398107176008171
0,sift,none,3000,2981,335,199,0.5940298507462687,0.2964690947295004,True,0.5478467492858172,0.9907914685505548,-0.009180529521276107,-14.504170934144128,9.398107176008171
0,sift,open_water,2811,2749,287,221,0.7700348432055749,0.08527737858817211,True,0.5478467492858172,0.9907914685505548,-0.009180529521276107,-14.504170934144128,9.398107176008171
0,sift,landcover,738,1515,84,50,0.5952380952380952,0.3449881255617018,True,0.5478467492858172,0.9907914685505548,-0.009180529521276107,-14.504170934144128,9.398107176008171
0,akaze,none,3000,3000,530,353,0.6660377358490566,0.09191433676158454,True,0.5478467492858172,0.9907914685505548,-0.009180529521276107,-14.504170934144128,9.398107176008171
0,akaze,open_water,3000,3000,477,301,0.6310272536687631,0.29701650781403727,True,0.5478467492858172,0.9907914685505548,-0.009180529521276107,-14.504170934144128,9.398107176008171
0,akaze,landcover,3000,3000,397,217,0.5465994962216625,0.35635249833104393,True,0.5478467492858172,0.9907914685505548,-0.009180529521276107,-14.504170934144128,9.398107176008171
1,harris,none,3000,3000,522,296,0.5670498084291188,0.2712683077623488,True,1.6510223091108869,1.004265431030687,0.004589931219679969,1.3087497439626858,13.052172713633048
1,harris,open_water,3000,3000,519,332,0.6396917148362236,0.14298558278799695,True,1.6510223091108869,1.004265431030687,0.004589931219679969,1.3087497439626858,13.052172713633048
1,harris,landcover,1766,3000,157,55,0.3503184713375796,0.45870134894018194,True,1.6510223091108869,1.004265431030687,0.004589931219679969,1.3087497439626858,13.052172713633048
1,shitomasi,none,3000,3000,522,334,0.6398467432950191,0.1264654450287639,True,1.6510223091108869,1.004265431030687,0.004589931219679969,1.3087497439626858,13.052172713633048
1,shitomasi,open_water,3000,3000,514,338,0.6575875486381323,0.11467120608077667,True,1.6510223091108869,1.004265431030687,0.004589931219679969,1.3087497439626858,13.052172713633048
1,shitomasi,landcover,3000,3000,214,72,0.3364485981308411,0.5093737484846231,True,1.6510223091108869,1.004265431030687,0.004589931219679969,1.3087497439626858,13.052172713633048
1,fast,none,3000,3000,396,277,0.6994949494949495,0.16261988741028582,True,1.6510223091108869,1.004265431030687,0.004589931219679969,1.3087497439626858,13.052172713633048
1,fast,open_water,3000,3000,396,278,0.702020202020202,0.1514421705638791,True,1.6510223091108869,1.004265431030687,0.004589931219679969,1.3087497439626858,13.052172713633048
1,fast,landcover,3000,3000,117,53,0.452991452991453,0.22700854861904213,True,1.6510223091108869,1.004265431030687,0.004589931219679969,1.3087497439626858,13.052172713633048
1,orb,none,3000,3000,239,128,0.5355648535564853,0.6045252723752783,True,1.6510223091108869,1.004265431030687,0.004589931219679969,1.3087497439626858,13.052172713633048
1,orb,open_water,3000,3000,228,138,0.6052631578947368,0.19116555105144953,True,1.6510223091108869,1.004265431030687,0.004589931219679969,1.3087497439626858,13.052172713633048
1,orb,landcover,3000,3000,77,22,0.2857142857142857,0.518416343957362,True,1.6510223091108869,1.004265431030687,0.004589931219679969,1.3087497439626858,13.052172713633048
1,sift,none,3000,2985,348,246,0.7068965517241379,0.09599174328507538,True,1.6510223091108869,1.004265431030687,0.004589931219679969,1.3087497439626858,13.052172713633048
1,sift,open_water,2811,2741,299,210,0.7023411371237458,0.12133579016127219,True,1.6510223091108869,1.004265431030687,0.004589931219679969,1.3087497439626858,13.052172713633048
1,sift,landcover,738,1535,73,36,0.4931506849315068,0.37356011921390947,True,1.6510223091108869,1.004265431030687,0.004589931219679969,1.3087497439626858,13.052172713633048
1,akaze,none,3000,3000,529,341,0.6446124763705104,0.19394724015257833,True,1.6510223091108869,1.004265431030687,0.004589931219679969,1.3087497439626858,13.052172713633048
1,akaze,open_water,3000,3000,477,278,0.5828092243186582,0.18484982167692915,True,1.6510223091108869,1.004265431030687,0.004589931219679969,1.3087497439626858,13.052172713633048
1,akaze,landcover,3000,3000,393,212,0.539440203562341,0.35395420759783225,True,1.6510223091108869,1.004265431030687,0.004589931219679969,1.3087497439626858,13.052172713633048
2,harris,none,3000,3000,532,307,0.5770676691729323,0.40772101248744724,True,1.2634142164861286,0.980109540006806,0.007148085531751386,-13.992432740836069,6.889663392898321
2,harris,open_water,3000,3000,529,347,0.6559546313799622,0.11432435064817972,True,1.2634142164861286,0.980109540006806,0.007148085531751386,-13.992432740836069,6.889663392898321
2,harris,landcover,1766,2919,166,61,0.3674698795180723,0.22054159914956817,True,1.2634142164861286,0.980109540006806,0.007148085531751386,-13.992432740836069,6.889663392898321
2,shitomasi,none,3000,3000,518,332,0.640926640926641,0.20747679766101815,True,1.2634142164861286,0.980109540006806,0.007148085531751386,-13.992432740836069,6.889663392898321
2,shitomasi,open_water,3000,3000,512,285,0.556640625,0.43895773849003433,True,1.2634142164861286,0.980109540006806,0.007148085531751386,-13.992432740836069,6.889663392898321
2,shitomasi,landcover,3000,3000,212,69,0.32547169811320753,0.5166654174828699,True,1.2634142164861286,0.980109540006806,0.007148085531751386,-13.992432740836069,6.889663392898321
2,fast,none,3000,3000,404,297,0.7351485148514851,0.18290816364853413,True,1.2634142164861286,0.980109540006806,0.007148085531751386,-13.992432740836069,6.889663392898321
2,fast,open_water,3000,3000,402,300,0.746268656716418,0.14024589320654934,True,1.2634142164861286,0.980109540006806,0.007148085531751386,-13.992432740836069,6.889663392898321
2,fast,landcover,3000,3000,143,51,0.35664335664335667,0.3203587693137401,True,1.2634142164861286,0.980109540006806,0.007148085531751386,-13.992432740836069,6.889663392898321
2,orb,none,3000,3000,244,140,0.5737704918032787,0.40033064771976257,True,1.2634142164861286,0.980109540006806,0.007148085531751386,-13.992432740836069,6.889663392898321
2,orb,open_water,3000,3000,239,132,0.5523012552301255,0.5800589415309748,True,1.2634142164861286,0.980109540006806,0.007148085531751386,-13.992432740836069,6.889663392898321
2,orb,landcover,3000,3000,76,15,0.19736842105263158,1.1515511540845293,False,1.2634142164861286,0.980109540006806,0.007148085531751386,-13.992432740836069,6.889663392898321
2,sift,none,3000,2951,329,231,0.7021276595744681,0.14589014493816804,True,1.2634142164861286,0.980109540006806,0.007148085531751386,-13.992432740836069,6.889663392898321
2,sift,open_water,2811,2721,281,212,0.7544483985765125,0.14949506697510329,True,1.2634142164861286,0.980109540006806,0.007148085531751386,-13.992432740836069,6.889663392898321
2,sift,landcover,738,1501,89,51,0.5730337078651685,0.4274467763301122,True,1.2634142164861286,0.980109540006806,0.007148085531751386,-13.992432740836069,6.889663392898321
2,akaze,none,3000,3000,522,331,0.6340996168582376,0.1722622262616671,True,1.2634142164861286,0.980109540006806,0.007148085531751386,-13.992432740836069,6.889663392898321
2,akaze,open_water,3000,3000,472,283,0.5995762711864406,0.32502451089425155,True,1.2634142164861286,0.980109540006806,0.007148085531751386,-13.992432740836069,6.889663392898321
2,akaze,landcover,3000,3000,395,201,0.5088607594936709,0.4065213040468981,True,1.2634142164861286,0.980109540006806,0.007148085531751386,-13.992432740836069,6.889663392898321
3,harris,none,3000,3000,528,363,0.6875,0.05371729277258766,True,-1.297377517589764,1.0145271568939955,0.0008292244049818345,-6.008643283878456,-2.319383364070246
3,harris,open_water,3000,3000,522,352,0.6743295019157088,0.1852933756785846,True,-1.297377517589764,1.0145271568939955,0.0008292244049818345,-6.008643283878456,-2.319383364070246
3,harris,landcover,1766,3000,165,64,0.3878787878787879,0.3354950889669547,True,-1.297377517589764,1.0145271568939955,0.0008292244049818345,-6.008643283878456,-2.319383364070246
3,shitomasi,none,3000,3000,515,332,0.6446601941747573,0.17014680823693928,True,-1.297377517589764,1.0145271568939955,0.0008292244049818345,-6.008643283878456,-2.319383364070246
3,shitomasi,open_water,3000,3000,504,335,0.6646825396825397,0.1706232193189209,True,-1.297377517589764,1.0145271568939955,0.0008292244049818345,-6.008643283878456,-2.319383364070246
3,shitomasi,landcover,3000,3000,194,70,0.36082474226804123,0.4477105747017971,True,-1.297377517589764,1.0145271568939955,0.0008292244049818345,-6.008643283878456,-2.319383364070246
3,fast,none,3000,3000,389,277,0.712082262210797,0.1525407511753534,True,-1.297377517589764,1.0145271568939955,0.0008292244049818345,-6.008643283878456,-2.319383364070246
3,fast,open_water,3000,3000,386,270,0.6994818652849741,0.1441005115666577,True,-1.297377517589764,1.0145271568939955,0.0008292244049818345,-6.008643283878456,-2.319383364070246
3,fast,landcover,3000,3000,130,57,0.43846153846153846,0.40111467789743155,True,-1.297377517589764,1.0145271568939955,0.0008292244049818345,-6.008643283878456,-2.319383364070246
3,orb,none,3000,3000,258,127,0.49224806201550386,0.4239351423132166,True,-1.297377517589764,1.0145271568939955,0.0008292244049818345,-6.008643283878456,-2.319383364070246
3,orb,open_water,3000,3000,236,138,0.5847457627118644,0.1532594675656851,True,-1.297377517589764,1.0145271568939955,0.0008292244049818345,-6.008643283878456,-2.319383364070246
3,orb,landcover,3000,3000,65,17,0.26153846153846155,1.3027608215772,False,-1.297377517589764,1.0145271568939955,0.0008292244049818345,-6.008643283878456,-2.319383364070246
3,sift,none,3000,3001,351,257,0.7321937321937322,0.07901916097597851,True,-1.297377517589764,1.0145271568939955,0.0008292244049818345,-6.008643283878456,-2.319383364070246
3,sift,open_water,2811,2760,303,226,0.7458745874587459,0.08929507939239936,True,-1.297377517589764,1.0145271568939955,0.0008292244049818345,-6.008643283878456,-2.319383364070246
3,sift,landcover,738,1565,87,44,0.5057471264367817,0.5548159674597096,True,-1.297377517589764,1.0145271568939955,0.0008292244049818345,-6.008643283878456,-2.319383364070246
3,akaze,none,3000,3000,505,311,0.6158415841584158,0.21581176732880528,True,-1.297377517589764,1.0145271568939955,0.0008292244049818345,-6.008643283878456,-2.319383364070246
3,akaze,open_water,3000,3000,464,273,0.5883620689655172,0.15667729569123234,True,-1.297377517589764,1.0145271568939955,0.0008292244049818345,-6.008643283878456,-2.319383364070246
3,akaze,landcover,3000,3000,382,200,0.5235602094240838,0.7053680695541117,True,-1.297377517589764,1.0145271568939955,0.0008292244049818345,-6.008643283878456,-2.319383364070246
4,harris,none,3000,3000,525,335,0.638095238095238,0.19730815526368894,True,-1.8867213154181484,0.9849713310599826,0.003412488293872607,4.415685347227502,3.4615533444376148
4,harris,open_water,3000,3000,522,357,0.6839080459770115,0.11822577285360525,True,-1.8867213154181484,0.9849713310599826,0.003412488293872607,4.415685347227502,3.4615533444376148
4,harris,landcover,1766,2957,153,57,0.37254901960784315,0.4357117270308917,True,-1.8867213154181484,0.9849713310599826,0.003412488293872607,4.415685347227502,3.4615533444376148
4,shitomasi,none,3000,3000,511,304,0.5949119373776908,0.23410321181437943,True,-1.8867213154181484,0.9849713310599826,0.003412488293872607,4.415685347227502,3.4615533444376148
4,shitomasi,open_water,3000,3000,507,335,0.6607495069033531,0.15558980220305094,True,-1.8867213154181484,0.9849713310599826,0.003412488293872607,4.415685347227502,3.4615533444376148
4,shitomasi,landcover,3000,3000,223,61,0.273542600896861,0.8938025058922008,True,-1.8867213154181484,0.9849713310599826,0.003412488293872607,4.415685347227502,3.4615533444376148
4,fast,none,3000,3000,382,235,0.6151832460732984,0.2165932173997234,True,-1.8867213154181484,0.9849713310599826,0.003412488293872607,4.415685347227502,3.4615533444376148
4,fast,open_water,3000,3000,381,234,0.6141732283464567,0.35570368399096636,True,-1.8867213154181484,0.9849713310599826,0.003412488293872607,4.415685347227502,3.4615533444376148
4,fast,landcover,3000,3000,131,55,0.4198473282442748,0.3755745198138789,True,-1.8867213154181484,0.9849713310599826,0.003412488293872607,4.415685347227502,3.4615533444376148
4,orb,none,3000,3000,241,147,0.6099585062240664,0.6230155660117503,True,-1.8867213154181484,0.9849713310599826,0.003412488293872607,4.415685347227502,3.4615533444376148
4,orb,open_water,3000,3000,231,142,0.6147186147186147,0.3287046244175318,True,-1.8867213154181484,0.9849713310599826,0.003412488293872607,4.415685347227502,3.4615533444376148
4,orb,landcover,3000,3000,80,17,0.2125,0.37099461623036706,True,-1.8867213154181484,0.9849713310599826,0.003412488293872607,4.415685347227502,3.4615533444376148
4,sift,none,3000,2966,342,248,0.7251461988304093,0.0927969467116245,True,-1.8867213154181484,0.9849713310599826,0.003412488293872607,4.415685347227502,3.4615533444376148
4,sift,open_water,2811,2731,292,227,0.7773972602739726,0.06392112179212366,True,-1.8867213154181484,0.9849713310599826,0.003412488293872607,4.415685347227502,3.4615533444376148
4,sift,landcover,738,1554,83,47,0.5662650602409639,0.26052304964564826,True,-1.8867213154181484,0.9849713310599826,0.003412488293872607,4.415685347227502,3.4615533444376148
4,akaze,none,3000,3000,522,333,0.6379310344827587,0.2305780953256005,True,-1.8867213154181484,0.9849713310599826,0.003412488293872607,4.415685347227502,3.4615533444376148
4,akaze,open_water,3000,3000,478,294,0.6150627615062761,0.16475934873413423,True,-1.8867213154181484,0.9849713310599826,0.003412488293872607,4.415685347227502,3.4615533444376148
4,akaze,landcover,3000,3000,384,197,0.5130208333333334,0.26652680875998536,True,-1.8867213154181484,0.9849713310599826,0.003412488293872607,4.415685347227502,3.4615533444376148
5,harris,none,3000,3000,547,348,0.6361974405850092,0.12081326350315612,True,-0.46528978295246626,1.0198883974315684,0.0096167067755246,5.5662595344208405,4.513778288034487
5,harris,open_water,3000,3000,544,308,0.5661764705882353,0.23441455390272298,True,-0.46528978295246626,1.0198883974315684,0.0096167067755246,5.5662595344208405,4.513778288034487
5,harris,landcover,1766,3000,162,66,0.4074074074074074,0.5849271218618002,True,-0.46528978295246626,1.0198883974315684,0.0096167067755246,5.5662595344208405,4.513778288034487
5,shitomasi,none,3000,3000,540,317,0.587037037037037,0.2538581184458423,True,-0.46528978295246626,1.0198883974315684,0.0096167067755246,5.5662595344208405,4.513778288034487
5,shitomasi,open_water,3000,3000,528,314,0.5946969696969697,0.24189422560183052,True,-0.46528978295246626,1.0198883974315684,0.0096167067755246,5.5662595344208405,4.513778288034487
5,shitomasi,landcover,3000,3000,216,70,0.32407407407407407,0.49758595362366037,True,-0.46528978295246626,1.0198883974315684,0.0096167067755246,5.5662595344208405,4.513778288034487
5,fast,none,3000,3000,376,264,0.7021276595744681,0.19407814225083467,True,-0.46528978295246626,1.0198883974315684,0.0096167067755246,5.5662595344208405,4.513778288034487
5,fast,open_water,3000,3000,376,234,0.6223404255319149,0.4235972275113384,True,-0.46528978295246626,1.0198883974315684,0.0096167067755246,5.5662595344208405,4.513778288034487
5,fast,landcover,3000,3000,137,54,0.39416058394160586,0.5418344509769695,True,-0.46528978295246626,1.0198883974315684,0.0096167067755246,5.5662595344208405,4.513778288034487
5,orb,none,3000,3000,252,143,0.5674603174603174,0.49645434079320705,True,-0.46528978295246626,1.0198883974315684,0.0096167067755246,5.5662595344208405,4.513778288034487
5,orb,open_water,3000,3000,235,142,0.6042553191489362,0.38707173979200005,True,-0.46528978295246626,1.0198883974315684,0.0096167067755246,5.5662595344208405,4.513778288034487
5,orb,landcover,3000,3000,75,16,0.21333333333333335,0.7338868595579521,True,-0.46528978295246626,1.0198883974315684,0.0096167067755246,5.5662595344208405,4.513778288034487
5,sift,none,3000,3000,350,266,0.76,0.1090122679672139,True,-0.46528978295246626,1.0198883974315684,0.0096167067755246,5.5662595344208405,4.513778288034487
5,sift,open_water,2811,2759,307,232,0.755700325732899,0.13984952602367073,True,-0.46528978295246626,1.0198883974315684,0.0096167067755246,5.5662595344208405,4.513778288034487
5,sift,landcover,738,1548,93,53,0.5698924731182796,0.37126955931778666,True,-0.46528978295246626,1.0198883974315684,0.0096167067755246,5.5662595344208405,4.513778288034487
5,akaze,none,3000,3000,492,291,0.5914634146341463,0.15843716922070322,True,-0.46528978295246626,1.0198883974315684,0.0096167067755246,5.5662595344208405,4.513778288034487
5,akaze,open_water,3000,3000,452,262,0.5796460176991151,0.2516891282130583,True,-0.46528978295246626,1.0198883974315684,0.0096167067755246,5.5662595344208405,4.513778288034487
5,akaze,landcover,3000,3000,379,222,0.5857519788918206,0.20650837733895935,True,-0.46528978295246626,1.0198883974315684,0.0096167067755246,5.5662595344208405,4.513778288034487
6,harris,none,3000,3000,532,301,0.5657894736842105,0.3053307481931844,True,0.7537869222837603,0.9955568569591642,-0.007298069899551776,6.644650205822451,0.760629674271776
6,harris,open_water,3000,3000,527,364,0.6907020872865275,0.04779562254564285,True,0.7537869222837603,0.9955568569591642,-0.007298069899551776,6.644650205822451,0.760629674271776
6,harris,landcover,1766,3000,156,58,0.3717948717948718,0.28475324151845866,True,0.7537869222837603,0.9955568569591642,-0.007298069899551776,6.644650205822451,0.760629674271776
6,shitomasi,none,3000,3000,527,310,0.5882352941176471,0.13991650824211044,True,0.7537869222837603,0.9955568569591642,-0.007298069899551776,6.644650205822451,0.760629674271776
6,shitomasi,open_water,3000,3000,521,314,0.6026871401151631,0.15040898203394834,True,0.7537869222837603,0.9955568569591642,-0.007298069899551776,6.644650205822451,0.760629674271776
6,shitomasi,landcover,3000,3000,220,52,0.23636363636363636,0.5828185955073334,True,0.7537869222837603,0.9955568569591642,-0.007298069899551776,6.644650205822451,0.760629674271776
6,fast,none,3000,3000,384,230,0.5989583333333334,0.2552427871696378,True,0.7537869222837603,0.9955568569591642,-0.007298069899551776,6.644650205822451,0.760629674271776
6,fast,open_water,3000,3000,381,268,0.7034120734908137,0.19287618051119515,True,0.7537869222837603,0.9955568569591642,-0.007298069899551776,6.644650205822451,0.760629674271776
6,fast,landcover,3000,3000,144,65,0.4513888888888889,0.2506318641050895,True,0.7537869222837603,0.9955568569591642,-0.007298069899551776,6.644650205822451,0.760629674271776
6,orb,none,3000,3000,242,135,0.5578512396694215,0.429518974245231,True,0.7537869222837603,0.9955568569591642,-0.007298069899551776,6.644650205822451,0.760629674271776
6,orb,open_water,3000,3000,246,141,0.573170731707317,0.42545737346376505,True,0.7537869222837603,0.9955568569591642,-0.007298069899551776,6.644650205822451,0.760629674271776
6,orb,landcover,3000,3000,69,16,0.2318840579710145,0.9511651380920181,True,0.7537869222837603,0.9955568569591642,-0.007298069899551776,6.644650205822451,0.760629674271776
6,sift,none,3000,2953,338,227,0.6715976331360947,0.14733129024447986,True,0.7537869222837603,0.9955568569591642,-0.007298069899551776,6.644650205822451,0.760629674271776
6,sift,open_water,2811,2709,286,210,0.7342657342657343,0.15422980937055172,True,0.7537869222837603,0.9955568569591642,-0.007298069899551776,6.644650205822451,0.760629674271776
6,sift,landcover,738,1556,83,45,0.5421686746987951,0.3712178820815006,True,0.7537869222837603,0.9955568569591642,-0.007298069899551776,6.644650205822451,0.760629674271776
6,akaze,none,3000,3000,527,358,0.6793168880455408,0.16353792232067169,True,0.7537869222837603,0.9955568569591642,-0.007298069899551776,6.644650205822451,0.760629674271776
6,akaze,open_water,3000,3000,485,284,0.5855670103092784,0.3240064143821049,True,0.7537869222837603,0.9955568569591642,-0.007298069899551776,6.644650205822451,0.760629674271776
6,akaze,landcover,3000,3000,397,210,0.5289672544080605,0.3829392618394401,True,0.7537869222837603,0.9955568569591642,-0.007298069899551776,6.644650205822451,0.760629674271776
7,harris,none,3000,3000,539,349,0.647495361781076,0.0989924252974982,True,-0.7590324977641774,0.9994334143532716,0.007789756686980004,13.021305478687491,-4.266144098727892
7,harris,open_water,3000,3000,531,326,0.6139359698681732,0.2515568844438506,True,-0.7590324977641774,0.9994334143532716,0.007789756686980004,13.021305478687491,-4.266144098727892
7,harris,landcover,1766,3000,144,58,0.4027777777777778,0.13052851884151523,True,-0.7590324977641774,0.9994334143532716,0.007789756686980004,13.021305478687491,-4.266144098727892
7,shitomasi,none,3000,3000,528,322,0.6098484848484849,0.22871035991001637,True,-0.7590324977641774,0.9994334143532716,0.007789756686980004,13.021305478687491,-4.266144098727892
7,shitomasi,open_water,3000,3000,520,350,0.6730769230769231,0.08462411263418212,True,-0.7590324977641774,0.9994334143532716,0.007789756686980004,13.021305478687491,-4.266144098727892
7,shitomasi,landcover,3000,3000,222,70,0.3153153153153153,0.6064719129453762,True,-0.7590324977641774,0.9994334143532716,0.007789756686980004,13.021305478687491,-4.266144098727892
7,fast,none,3000,3000,411,292,0.7104622871046229,0.07970743507149254,True,-0.7590324977641774,0.9994334143532716,0.007789756686980004,13.021305478687491,-4.266144098727892
7,fast,open_water,3000,3000,414,304,0.7342995169082126,0.06546050060954921,True,-0.7590324977641774,0.9994334143532716,0.007789756686980004,13.021305478687491,-4.266144098727892
7,fast,landcover,3000,3000,138,63,0.45652173913043476,0.1036088409106241,True,-0.7590324977641774,0.9994334143532716,0.007789756686980004,13.021305478687491,-4.266144098727892
7,orb,none,3000,3000,244,148,0.6065573770491803,0.4067835776791216,True,-0.7590324977641774,0.9994334143532716,0.007789756686980004,13.021305478687491,-4.266144098727892
7,orb,open_water,3000,3000,215,139,0.6465116279069767,0.22419382312984037,True,-0.7590324977641774,0.9994334143532716,0.007789756686980004,13.021305478687491,-4.266144098727892
7,orb,landcover,3000,3000,74,17,0.22972972972972974,0.5278146598648479,True,-0.7590324977641774,0.9994334143532716,0.007789756686980004,13.021305478687491,-4.266144098727892
7,sift,none,3000,2972,345,238,0.6898550724637681,0.13533297547298412,True,-0.7590324977641774,0.9994334143532716,0.007789756686980004,13.021305478687491,-4.266144098727892
7,sift,open_water,2811,2734,298,218,0.7315436241610739,0.12808338455238924,True,-0.7590324977641774,0.9994334143532716,0.007789756686980004,13.021305478687491,-4.266144098727892
7,sift,landcover,738,1566,92,55,0.5978260869565217,0.3801566492271368,True,-0.7590324977641774,0.9994334143532716,0.007789756686980004,13.021305478687491,-4.266144098727892
7,akaze,none,3000,3000,526,330,0.6273764258555133,0.27709714305376804,True,-0.7590324977641774,0.9994334143532716,0.007789756686980004,13.021305478687491,-4.266144098727892
7,akaze,open_water,3000,3000,470,284,0.6042553191489362,0.3251624706932606,True,-0.7590324977641774,0.9994334143532716,0.007789756686980004,13.021305478687491,-4.266144098727892
7,akaze,landcover,3000,3000,379,215,0.5672823218997362,0.4178918940402556,True,-0.7590324977641774,0.9994334143532716,0.007789756686980004,13.021305478687491,-4.266144098727892
8,harris,none,3000,3000,540,351,0.65,0.12373810824948821,True,0.28611932291904374,0.9928747756430377,0.0018860006039939353,-4.862663234786002,-3.2514299841551626
8,harris,open_water,3000,3000,533,337,0.6322701688555347,0.1317131424094355,True,0.28611932291904374,0.9928747756430377,0.0018860006039939353,-4.862663234786002,-3.2514299841551626
8,harris,landcover,1766,3000,165,61,0.3696969696969697,0.28517395905489146,True,0.28611932291904374,0.9928747756430377,0.0018860006039939353,-4.862663234786002,-3.2514299841551626
8,shitomasi,none,3000,3000,549,331,0.6029143897996357,0.19212367388428508,True,0.28611932291904374,0.9928747756430377,0.0018860006039939353,-4.862663234786002,-3.2514299841551626
8,shitomasi,open_water,3000,3000,540,334,0.6185185185185185,0.1583419007739496,True,0.28611932291904374,0.9928747756430377,0.0018860006039939353,-4.862663234786002,-3.2514299841551626
8,shitomasi,landcover,3000,3000,220,82,0.37272727272727274,0.43708079054762394,True,0.28611932291904374,0.9928747756430377,0.0018860006039939353,-4.862663234786002,-3.2514299841551626
8,fast,none,3000,3000,400,299,0.7475,0.059340034579600444,True,0.28611932291904374,0.9928747756430377,0.0018860006039939353,-4.862663234786002,-3.2514299841551626
8,fast,open_water,3000,3000,400,311,0.7775,0.1348197208809327,True,0.28611932291904374,0.9928747756430377,0.0018860006039939353,-4.862663234786002,-3.2514299841551626
8,fast,landcover,3000,3000,149,62,0.4161073825503356,0.18415349535960393,True,0.28611932291904374,0.9928747756430377,0.0018860006039939353,-4.862663234786002,-3.2514299841551626
8,orb,none,3000,3000,240,148,0.6166666666666667,0.5628244068936706,True,0.28611932291904374,0.9928747756430377,0.0018860006039939353,-4.862663234786002,-3.2514299841551626
8,orb,open_water,3000,3000,228,155,0.6798245614035088,0.34036686312281644,True,0.28611932291904374,0.9928747756430377,0.0018860006039939353,-4.862663234786002,-3.2514299841551626
8,orb,landcover,3000,3000,87,15,0.1724137931034483,0.9375584184933027,True,0.28611932291904374,0.9928747756430377,0.0018860006039939353,-4.862663234786002,-3.2514299841551626
8,sift,none,3000,2960,352,255,0.7244318181818182,0.08305130390029053,True,0.28611932291904374,0.9928747756430377,0.0018860006039939353,-4.862663234786002,-3.2514299841551626
8,sift,open_water,2811,2739,311,217,0.6977491961414791,0.17858334315648208,True,0.28611932291904374,0.9928747756430377,0.0018860006039939353,-4.862663234786002,-3.2514299841551626
8,sift,landcover,738,1519,92,51,0.5543478260869565,0.1789831153939293,True,0.28611932291904374,0.9928747756430377,0.0018860006039939353,-4.862663234786002,-3.2514299841551626
8,akaze,none,3000,3000,556,364,0.6546762589928058,0.22552619606714816,True,0.28611932291904374,0.9928747756430377,0.0018860006039939353,-4.862663234786002,-3.2514299841551626
8,akaze,open_water,3000,3000,496,273,0.5504032258064516,0.25100960545879386,True,0.28611932291904374,0.9928747756430377,0.0018860006039939353,-4.862663234786002,-3.2514299841551626
8,akaze,landcover,3000,3000,400,205,0.5125,0.2088940868783778,True,0.28611932291904374,0.9928747756430377,0.0018860006039939353,-4.862663234786002,-3.2514299841551626
9,harris,none,3000,3000,537,352,0.6554934823091247,0.08074273713778027,True,1.5610974080191693,0.9890863037413352,0.0024637428937208487,-12.479539692528455,9.979324429601935
9,harris,open_water,3000,3000,533,341,0.6397748592870544,0.12739079724805813,True,1.5610974080191693,0.9890863037413352,0.0024637428937208487,-12.479539692528455,9.979324429601935
9,harris,landcover,1766,2961,169,62,0.3668639053254438,0.2758764373753032,True,1.5610974080191693,0.9890863037413352,0.0024637428937208487,-12.479539692528455,9.979324429601935
9,shitomasi,none,3000,3000,513,313,0.6101364522417154,0.3701171350105273,True,1.5610974080191693,0.9890863037413352,0.0024637428937208487,-12.479539692528455,9.979324429601935
9,shitomasi,open_water,3000,3000,507,284,0.5601577909270217,0.3728432906339365,True,1.5610974080191693,0.9890863037413352,0.0024637428937208487,-12.479539692528455,9.979324429601935
9,shitomasi,landcover,3000,3000,232,78,0.33620689655172414,0.2990172008020655,True,1.5610974080191693,0.9890863037413352,0.0024637428937208487,-12.479539692528455,9.979324429601935
9,fast,none,3000,3000,396,297,0.75,0.12293846623951415,True,1.5610974080191693,0.9890863037413352,0.0024637428937208487,-12.479539692528455,9.979324429601935
9,fast,open_water,3000,3000,395,288,0.7291139240506329,0.16496950370920965,True,1.5610974080191693,0.9890863037413352,0.0024637428937208487,-12.479539692528455,9.979324429601935
9,fast,landcover,3000,3000,148,64,0.43243243243243246,0.31550554573406764,True,1.5610974080191693,0.9890863037413352,0.0024637428937208487,-12.479539692528455,9.979324429601935
9,orb,none,3000,3000,232,117,0.5043103448275862,0.7878245701162103,True,1.5610974080191693,0.9890863037413352,0.0024637428937208487,-12.479539692528455,9.979324429601935
9,orb,open_water,3000,3000,225,140,0.6222222222222222,0.22779251218369798,True,1.5610974080191693,0.9890863037413352,0.0024637428937208487,-12.479539692528455,9.979324429601935
9,orb,landcover,3000,3000,79,16,0.20253164556962025,0.9319349448942185,True,1.5610974080191693,0.9890863037413352,0.0024637428937208487,-12.479539692528455,9.979324429601935
9,sift,none,3000,2969,350,233,0.6657142857142857,0.1363093431607575,True,1.5610974080191693,0.9890863037413352,0.0024637428937208487,-12.479539692528455,9.979324429601935
9,sift,open_water,2811,2730,300,198,0.66,0.1329565046403184,True,1.5610974080191693,0.9890863037413352,0.0024637428937208487,-12.479539692528455,9.979324429601935
9,sift,landcover,738,1531,95,50,0.5263157894736842,0.3188455290903117,True,1.5610974080191693,0.9890863037413352,0.0024637428937208487,-12.479539692528455,9.979324429601935
9,akaze,none,3000,3000,513,303,0.5906432748538012,0.35856439160614184,True,1.5610974080191693,0.9890863037413352,0.0024637428937208487,-12.479539692528455,9.979324429601935
9,akaze,open_water,3000,3000,469,262,0.55863539445629,0.34200906664517977,True,1.5610974080191693,0.9890863037413352,0.0024637428937208487,-12.479539692528455,9.979324429601935
9,akaze,landcover,3000,3000,394,213,0.5406091370558376,0.4199424698236346,True,1.5610974080191693,0.9890863037413352,0.0024637428937208487,-12.479539692528455,9.979324429601935
10,harris,none,3000,3000,557,342,0.6140035906642729,0.18184990594777967,True,1.1483932299547335,0.989574777719718,0.007529684616214076,-13.24295895584417,-4.9164881836301895
10,harris,open_water,3000,3000,554,359,0.648014440433213,0.08600529838746182,True,1.1483932299547335,0.989574777719718,0.007529684616214076,-13.24295895584417,-4.9164881836301895
10,harris,landcover,1766,3000,163,65,0.3987730061349693,0.23116014654224754,True,1.1483932299547335,0.989574777719718,0.007529684616214076,-13.24295895584417,-4.9164881836301895
10,shitomasi,none,3000,3000,544,366,0.6727941176470589,0.10877472313008345,True,1.1483932299547335,0.989574777719718,0.007529684616214076,-13.24295895584417,-4.9164881836301895
10,shitomasi,open_water,3000,3000,532,310,0.5827067669172933,0.44206092709394407,True,1.1483932299547335,0.989574777719718,0.007529684616214076,-13.24295895584417,-4.9164881836301895
10,shitomasi,landcover,3000,3000,206,64,0.3106796116504854,0.5780786800261407,True,1.1483932299547335,0.989574777719718,0.007529684616214076,-13.24295895584417,-4.9164881836301895
10,fast,none,3000,3000,379,272,0.7176781002638523,0.19608681787905957,True,1.1483932299547335,0.989574777719718,0.007529684616214076,-13.24295895584417,-4.9164881836301895
10,fast,open_water,3000,3000,379,249,0.6569920844327177,0.3238000230202087,True,1.1483932299547335,0.989574777719718,0.007529684616214076,-13.24295895584417,-4.9164881836301895
10,fast,landcover,3000,3000,121,59,0.48760330578512395,0.2036088648031445,True,1.1483932299547335,0.989574777719718,0.007529684616214076,-13.24295895584417,-4.9164881836301895
10,orb,none,3000,3000,235,145,0.6170212765957447,0.43988128531399445,True,1.1483932299547335,0.989574777719718,0.007529684616214076,-13.24295895584417,-4.9164881836301895
10,orb,open_water,3000,3000,225,142,0.6311111111111111,0.18061491364050958,True,1.1483932299547335,0.989574777719718,0.007529684616214076,-13.24295895584417,-4.9164881836301895
10,orb,landcover,3000,3000,74,13,0.17567567567567569,2.200342400320051,False,1.1483932299547335,0.989574777719718,0.007529684616214076,-13.24295895584417,-4.9164881836301895
10,sift,none,3000,2974,351,244,0.6951566951566952,0.13645066298644445,True,1.1483932299547335,0.989574777719718,0.007529684616214076,-13.24295895584417,-4.9164881836301895
10,sift,open_water,2811,2756,306,220,0.7189542483660131,0.12348085729549527,True,1.1483932299547335,0.989574777719718,0.007529684616214076,-13.24295895584417,-4.9164881836301895
10,sift,landcover,738,1527,89,49,0.550561797752809,0.33730282053016425,True,1.1483932299547335,0.989574777719718,0.007529684616214076,-13.24295895584417,-4.9164881836301895
10,akaze,none,3000,3000,531,315,0.5932203389830508,0.5216996687561305,True,1.1483932299547335,0.989574777719718,0.007529684616214076,-13.24295895584417,-4.9164881836301895
10,akaze,open_water,3000,3000,483,318,0.6583850931677019,0.182972161532121,True,1.1483932299547335,0.989574777719718,0.007529684616214076,-13.24295895584417,-4.9164881836301895
10,akaze,landcover,3000,3000,404,220,0.5445544554455446,0.23327307738535916,True,1.1483932299547335,0.989574777719718,0.007529684616214076,-13.24295895584417,-4.9164881836301895
11,harris,none,3000,3000,514,330,0.642023346303502,0.12659688769867286,True,-1.3988821324206437,0.9980135746659715,0.005926485405745885,-8.080733730187577,-13.439360968067712
11,harris,open_water,3000,3000,510,310,0.6078431372549019,0.1095216258994568,True,-1.3988821324206437,0.9980135746659715,0.005926485405745885,-8.080733730187577,-13.439360968067712
11,harris,landcover,1766,3000,167,71,0.4251497005988024,0.2113202726808899,True,-1.3988821324206437,0.9980135746659715,0.005926485405745885,-8.080733730187577,-13.439360968067712
11,shitomasi,none,3000,3000,516,322,0.624031007751938,0.2184642564017301,True,-1.3988821324206437,0.9980135746659715,0.005926485405745885,-8.080733730187577,-13.439360968067712
11,shitomasi,open_water,3000,3000,507,290,0.571992110453649,0.5482012161992745,True,-1.3988821324206437,0.9980135746659715,0.005926485405745885,-8.080733730187577,-13.439360968067712
11,shitomasi,landcover,3000,3000,225,75,0.3333333333333333,0.41796308808858046,True,-1.3988821324206437,0.9980135746659715,0.005926485405745885,-8.080733730187577,-13.439360968067712
11,fast,none,3000,3000,367,259,0.7057220708446866,0.0893193964562043,True,-1.3988821324206437,0.9980135746659715,0.005926485405745885,-8.080733730187577,-13.439360968067712
11,fast,open_water,3000,3000,365,238,0.6520547945205479,0.18668823652652503,True,-1.3988821324206437,0.9980135746659715,0.005926485405745885,-8.080733730187577,-13.439360968067712
11,fast,landcover,3000,3000,147,64,0.43537414965986393,0.32615841154157094,True,-1.3988821324206437,0.9980135746659715,0.005926485405745885,-8.080733730187577,-13.439360968067712
11,orb,none,3000,3000,245,142,0.5795918367346938,0.5183138402668623,True,-1.3988821324206437,0.9980135746659715,0.005926485405745885,-8.080733730187577,-13.439360968067712
11,orb,open_water,3000,3000,228,123,0.5394736842105263,0.4671660079642321,True,-1.3988821324206437,0.9980135746659715,0.005926485405745885,-8.080733730187577,-13.439360968067712
11,orb,landcover,3000,3000,74,18,0.24324324324324326,0.40354387807372916,True,-1.3988821324206437,0.9980135746659715,0.005926485405745885,-8.080733730187577,-13.439360968067712
11,sift,none,3000,2970,367,259,0.7057220708446866,0.11155398038098338,True,-1.3988821324206437,0.9980135746659715,0.005926485405745885,-8.080733730187577,-13.439360968067712
11,sift,open_water,2811,2726,315,236,0.7492063492063492,0.08991473209974794,True,-1.3988821324206437,0.9980135746659715,0.005926485405745885,-8.080733730187577,-13.439360968067712
11,sift,landcover,738,1550,90,53,0.5888888888888889,0.21794362902695902,True,-1.3988821324206437,0.9980135746659715,0.005926485405745885,-8.080733730187577,-13.439360968067712
11,akaze,none,3000,3000,536,353,0.6585820895522388,0.173421525338542,True,-1.3988821324206437,0.9980135746659715,0.005926485405745885,-8.080733730187577,-13.439360968067712
11,akaze,open_water,3000,3000,474,289,0.609704641350211,0.13443928508629147,True,-1.3988821324206437,0.9980135746659715,0.005926485405745885,-8.080733730187577,-13.439360968067712
11,akaze,landcover,3000,3000,380,215,0.5657894736842105,0.3685323527315448,True,-1.3988821324206437,0.9980135746659715,0.005926485405745885,-8.080733730187577,-13.439360968067712
12,harris,none,3000,3000,540,357,0.6611111111111111,0.13187347528372756,True,-0.3817926407138872,0.9879405217803702,-0.008184939087617563,2.4099715796055214,-6.039116015432322
12,harris,open_water,3000,3000,536,364,0.6791044776119403,0.08774922368488636,True,-0.3817926407138872,0.9879405217803702,-0.008184939087617563,2.4099715796055214,-6.039116015432322
12,harris,landcover,1766,2881,150,57,0.38,0.5428604808581663,True,-0.3817926407138872,0.9879405217803702,-0.008184939087617563,2.4099715796055214,-6.039116015432322
12,shitomasi,none,3000,3000,538,366,0.6802973977695167,0.15347187544442684,True,-0.3817926407138872,0.9879405217803702,-0.008184939087617563,2.4099715796055214,-6.039116015432322
12,shitomasi,open_water,3000,3000,529,331,0.6257088846880907,0.2011446332374728,True,-0.3817926407138872,0.9879405217803702,-0.008184939087617563,2.4099715796055214,-6.039116015432322
12,shitomasi,landcover,3000,3000,228,65,0.2850877192982456,0.45315515135830237,True,-0.3817926407138872,0.9879405217803702,-0.008184939087617563,2.4099715796055214,-6.039116015432322
12,fast,none,3000,3000,394,265,0.6725888324873096,0.19149251195177236,True,-0.3817926407138872,0.9879405217803702,-0.008184939087617563,2.4099715796055214,-6.039116015432322
12,fast,open_water,3000,3000,394,264,0.6700507614213198,0.18352589613681716,True,-0.3817926407138872,0.9879405217803702,-0.008184939087617563,2.4099715796055214,-6.039116015432322
12,fast,landcover,3000,3000,142,63,0.44366197183098594,0.22599537116686616,True,-0.3817926407138872,0.9879405217803702,-0.008184939087617563,2.4099715796055214,-6.039116015432322
12,orb,none,3000,3000,232,148,0.6379310344827587,0.31591113480651306,True,-0.3817926407138872,0.9879405217803702,-0.008184939087617563,2.4099715796055214,-6.039116015432322
12,orb,open_water,3000,3000,226,130,0.5752212389380531,0.35957713367517596,True,-0.3817926407138872,0.9879405217803702,-0.008184939087617563,2.4099715796055214,-6.039116015432322
12,orb,landcover,3000,3000,74,16,0.21621621621621623,0.8756808366144366,True,-0.3817926407138872,0.9879405217803702,-0.008184939087617563,2.4099715796055214,-6.039116015432322
12,sift,none,3000,2948,337,235,0.6973293768545994,0.08015454774139938,True,-0.3817926407138872,0.9879405217803702,-0.008184939087617563,2.4099715796055214,-6.039116015432322
12,sift,open_water,2811,2723,287,212,0.7386759581881533,0.0842697149658171,True,-0.3817926407138872,0.9879405217803702,-0.008184939087617563,2.4099715796055214,-6.039116015432322
12,sift,landcover,738,1566,90,44,0.4888888888888889,0.29194821360771184,True,-0.3817926407138872,0.9879405217803702,-0.008184939087617563,2.4099715796055214,-6.039116015432322
12,akaze,none,3000,3000,553,366,0.6618444846292948,0.19094880202663805,True,-0.3817926407138872,0.9879405217803702,-0.008184939087617563,2.4099715796055214,-6.039116015432322
12,akaze,open_water,3000,3000,479,302,0.6304801670146137,0.32951406558934876,True,-0.3817926407138872,0.9879405217803702,-0.008184939087617563,2.4099715796055214,-6.039116015432322
12,akaze,landcover,3000,3000,393,204,0.5190839694656488,0.25223158118775874,True,-0.3817926407138872,0.9879405217803702,-0.008184939087617563,2.4099715796055214,-6.039116015432322
13,harris,none,3000,3000,542,353,0.6512915129151291,0.10248789079602187,True,0.6879795118254375,0.9879806177587285,0.008842262210129957,-4.046694952655143,-11.835141612893114
13,harris,open_water,3000,3000,539,329,0.6103896103896104,0.26192821703396907,True,0.6879795118254375,0.9879806177587285,0.008842262210129957,-4.046694952655143,-11.835141612893114
13,harris,landcover,1766,2839,159,64,0.4025157232704403,0.21906436692831416,True,0.6879795118254375,0.9879806177587285,0.008842262210129957,-4.046694952655143,-11.835141612893114
13,shitomasi,none,3000,3000,524,299,0.5706106870229007,0.3400903574756499,True,0.6879795118254375,0.9879806177587285,0.008842262210129957,-4.046694952655143,-11.835141612893114
13,shitomasi,open_water,3000,3000,517,309,0.597678916827853,0.2842867758304593,True,0.6879795118254375,0.9879806177587285,0.008842262210129957,-4.046694952655143,-11.835141612893114
13,shitomasi,landcover,3000,3000,234,79,0.33760683760683763,0.5892524892559371,True,0.6879795118254375,0.9879806177587285,0.008842262210129957,-4.046694952655143,-11.835141612893114
13,fast,none,3000,3000,390,285,0.7307692307692307,0.1352908696573505,True,0.6879795118254375,0.9879806177587285,0.008842262210129957,-4.046694952655143,-11.835141612893114
13,fast,open_water,3000,3000,386,237,0.6139896373056994,0.2988665200307976,True,0.6879795118254375,0.9879806177587285,0.008842262210129957,-4.046694952655143,-11.835141612893114
13,fast,landcover,3000,3000,137,55,0.40145985401459855,0.3403411109069476,True,0.6879795118254375,0.9879806177587285,0.008842262210129957,-4.046694952655143,-11.835141612893114
13,orb,none,3000,3000,253,149,0.5889328063241107,0.2541709907048233,True,0.6879795118254375,0.9879806177587285,0.008842262210129957,-4.046694952655143,-11.835141612893114
13,orb,open_water,3000,3000,256,144,0.5625,0.17428088345548273,True,0.6879795118254375,0.9879806177587285,0.008842262210129957,-4.046694952655143,-11.835141612893114
13,orb,landcover,3000,3000,82,20,0.24390243902439024,0.8895573999400078,True,0.6879795118254375,0.9879806177587285,0.008842262210129957,-4.046694952655143,-11.835141612893114
13,sift,none,3000,2955,336,247,0.7351190476190477,0.08192528199907215,True,0.6879795118254375,0.9879806177587285,0.008842262210129957,-4.046694952655143,-11.835141612893114
13,sift,open_water,2811,2723,290,216,0.7448275862068966,0.07878236803932144,True,0.6879795118254375,0.9879806177587285,0.008842262210129957,-4.046694952655143,-11.835141612893114
13,sift,landcover,738,1541,89,53,0.5955056179775281,0.3319182433515117,True,0.6879795118254375,0.9879806177587285,0.008842262210129957,-4.046694952655143,-11.835141612893114
13,akaze,none,3000,3000,549,336,0.6120218579234973,0.21954274830870077,True,0.6879795118254375,0.9879806177587285,0.008842262210129957,-4.046694952655143,-11.835141612893114
13,akaze,open_water,3000,3000,479,314,0.6555323590814196,0.17755021408169155,True,0.6879795118254375,0.9879806177587285,0.008842262210129957,-4.046694952655143,-11.835141612893114
13,akaze,landcover,3000,3000,398,200,0.5025125628140703,0.39864449533902385,True,0.6879795118254375,0.9879806177587285,0.008842262210129957,-4.046694952655143,-11.835141612893114
14,harris,none,3000,3000,539,310,0.575139146567718,0.23762768238596318,True,0.5164326061588369,1.0170861821227146,-0.0011924569056843207,13.637714810722116,-0.003125589370590376
14,harris,open_water,3000,3000,533,359,0.6735459662288931,0.09085406242421626,True,0.5164326061588369,1.0170861821227146,-0.0011924569056843207,13.637714810722116,-0.003125589370590376
14,harris,landcover,1766,3000,142,55,0.3873239436619718,0.5681644394110105,True,0.5164326061588369,1.0170861821227146,-0.0011924569056843207,13.637714810722116,-0.003125589370590376
14,shitomasi,none,3000,3000,532,353,0.6635338345864662,0.1153062283576307,True,0.5164326061588369,1.0170861821227146,-0.0011924569056843207,13.637714810722116,-0.003125589370590376
14,shitomasi,open_water,3000,3000,524,346,0.6603053435114504,0.18414022105177627,True,0.5164326061588369,1.0170861821227146,-0.0011924569056843207,13.637714810722116,-0.003125589370590376
14,shitomasi,landcover,3000,3000,220,68,0.3090909090909091,0.7743186256226472,True,0.5164326061588369,1.0170861821227146,-0.0011924569056843207,13.637714810722116,-0.003125589370590376
14,fast,none,3000,3000,417,255,0.6115107913669064,0.4727198851899576,True,0.5164326061588369,1.0170861821227146,-0.0011924569056843207,13.637714810722116,-0.003125589370590376
14,fast,open_water,3000,3000,409,301,0.7359413202933985,0.10733659787236739,True,0.5164326061588369,1.0170861821227146,-0.0011924569056843207,13.637714810722116,-0.003125589370590376
14,fast,landcover,3000,3000,132,60,0.45454545454545453,0.29450220426485124,True,0.5164326061588369,1.0170861821227146,-0.0011924569056843207,13.637714810722116,-0.003125589370590376
14,orb,none,3000,3000,239,157,0.6569037656903766,0.14585584367046586,True,0.5164326061588369,1.0170861821227146,-0.0011924569056843207,13.637714810722116,-0.003125589370590376
14,orb,open_water,3000,3000,217,139,0.6405529953917051,0.37513073744794734,True,0.5164326061588369,1.0170861821227146,-0.0011924569056843207,13.637714810722116,-0.003125589370590376
14,orb,landcover,3000,3000,73,14,0.1917808219178082,1.3173116041229536,False,0.5164326061588369,1.0170861821227146,-0.0011924569056843207,13.637714810722116,-0.003125589370590376
14,sift,none,3000,3000,357,259,0.7254901960784313,0.07375574093245482,True,0.5164326061588369,1.0170861821227146,-0.0011924569056843207,13.637714810722116,-0.003125589370590376
14,sift,open_water,2811,2773,307,233,0.758957654723127,0.12347017369876391,True,0.5164326061588369,1.0170861821227146,-0.0011924569056843207,13.637714810722116,-0.003125589370590376
14,sift,landcover,738,1573,85,44,0.5176470588235295,0.4615657805487139,True,0.5164326061588369,1.0170861821227146,-0.0011924569056843207,13.637714810722116,-0.003125589370590376
14,akaze,none,3000,3000,528,348,0.6590909090909091,0.26588097160324914,True,0.5164326061588369,1.0170861821227146,-0.0011924569056843207,13.637714810722116,-0.003125589370590376
14,akaze,open_water,3000,3000,477,259,0.5429769392033543,0.27928389499405387,True,0.5164326061588369,1.0170861821227146,-0.0011924569056843207,13.637714810722116,-0.003125589370590376
14,akaze,landcover,3000,3000,403,224,0.5558312655086849,0.21560533041274207,True,0.5164326061588369,1.0170861821227146,-0.0011924569056843207,13.637714810722116,-0.003125589370590376
15,harris,none,3000,3000,548,338,0.6167883211678832,0.20869123158007408,True,-0.2990855006036979,1.004808538080615,0.009901930104706481,13.468310248132958,-1.1986458207271173
15,harris,open_water,3000,3000,542,369,0.6808118081180812,0.13755609920705908,True,-0.2990855006036979,1.004808538080615,0.009901930104706481,13.468310248132958,-1.1986458207271173
15,harris,landcover,1766,2910,160,61,0.38125,0.2895988066899648,True,-0.2990855006036979,1.004808538080615,0.009901930104706481,13.468310248132958,-1.1986458207271173
15,shitomasi,none,3000,3000,534,354,0.6629213483146067,0.12279602172783359,True,-0.2990855006036979,1.004808538080615,0.009901930104706481,13.468310248132958,-1.1986458207271173
15,shitomasi,open_water,3000,3000,533,341,0.6397748592870544,0.1697131499227017,True,-0.2990855006036979,1.004808538080615,0.009901930104706481,13.468310248132958,-1.1986458207271173
15,shitomasi,landcover,3000,3000,226,56,0.24778761061946902,0.5782232124835829,True,-0.2990855006036979,1.004808538080615,0.009901930104706481,13.468310248132958,-1.1986458207271173
15,fast,none,3000,3000,394,281,0.7131979695431472,0.1588468078222603,True,-0.2990855006036979,1.004808538080615,0.009901930104706481,13.468310248132958,-1.1986458207271173
15,fast,open_water,3000,3000,400,283,0.7075,0.24112319935943538,True,-0.2990855006036979,1.004808538080615,0.009901930104706481,13.468310248132958,-1.1986458207271173
15,fast,landcover,3000,3000,138,59,0.427536231884058,0.2264720201274539,True,-0.2990855006036979,1.004808538080615,0.009901930104706481,13.468310248132958,-1.1986458207271173
15,orb,none,3000,3000,239,139,0.5815899581589958,0.38012919872134726,True,-0.2990855006036979,1.004808538080615,0.009901930104706481,13.468310248132958,-1.1986458207271173
15,orb,open_water,3000,3000,226,136,0.6017699115044248,0.28235349347880123,True,-0.2990855006036979,1.004808538080615,0.009901930104706481,13.468310248132958,-1.1986458207271173
15,orb,landcover,3000,3000,81,18,0.2222222222222222,1.4605709297759417,False,-0.2990855006036979,1.004808538080615,0.009901930104706481,13.468310248132958,-1.1986458207271173
15,sift,none,3000,2980,352,250,0.7102272727272727,0.11451666720961463,True,-0.2990855006036979,1.004808538080615,0.009901930104706481,13.468310248132958,-1.1986458207271173
15,sift,open_water,2811,2758,305,222,0.7278688524590164,0.08595396016951576,True,-0.2990855006036979,1.004808538080615,0.009901930104706481,13.468310248132958,-1.1986458207271173
15,sift,landcover,738,1559,88,44,0.5,0.3586468763854175,True,-0.2990855006036979,1.004808538080615,0.009901930104706481,13.468310248132958,-1.1986458207271173
15,akaze,none,3000,3000,544,336,0.6176470588235294,0.19317717897195594,True,-0.2990855006036979,1.004808538080615,0.009901930104706481,13.468310248132958,-1.1986458207271173
15,akaze,open_water,3000,3000,497,312,0.6277665995975855,0.22496657572497525,True,-0.2990855006036979,1.004808538080615,0.009901930104706481,13.468310248132958,-1.1986458207271173
15,akaze,landcover,3000,3000,395,228,0.5772151898734177,0.1963944520658507,True,-0.2990855006036979,1.004808538080615,0.009901930104706481,13.468310248132958,-1.1986458207271173
16,harris,none,3000,3000,546,310,0.5677655677655677,0.29158327478480184,True,1.0309153812331657,0.9998969078195048,0.0005862432039354087,8.573571021414224,-2.5603245193298765
16,harris,open_water,3000,3000,540,350,0.6481481481481481,0.14955019817057713,True,1.0309153812331657,0.9998969078195048,0.0005862432039354087,8.573571021414224,-2.5603245193298765
16,harris,landcover,1766,3000,165,67,0.40606060606060607,0.26739791153264225,True,1.0309153812331657,0.9998969078195048,0.0005862432039354087,8.573571021414224,-2.5603245193298765
16,shitomasi,none,3000,3000,536,268,0.5,0.375182078165655,True,1.0309153812331657,0.9998969078195048,0.0005862432039354087,8.573571021414224,-2.5603245193298765
16,shitomasi,open_water,3000,3000,526,325,0.6178707224334601,0.15510863956673512,True,1.0309153812331657,0.9998969078195048,0.0005862432039354087,8.573571021414224,-2.5603245193298765
16,shitomasi,landcover,3000,3000,218,62,0.28440366972477066,0.7173100428607082,True,1.0309153812331657,0.9998969078195048,0.0005862432039354087,8.573571021414224,-2.5603245193298765
16,fast,none,3000,3000,403,295,0.7320099255583127,0.11675592952313053,True,1.0309153812331657,0.9998969078195048,0.0005862432039354087,8.573571021414224,-2.5603245193298765
16,fast,open_water,3000,3000,402,299,0.7437810945273632,0.08825715158377995,True,1.0309153812331657,0.9998969078195048,0.0005862432039354087,8.573571021414224,-2.5603245193298765
16,fast,landcover,3000,3000,144,57,0.3958333333333333,0.4218296544683658,True,1.0309153812331657,0.9998969078195048,0.0005862432039354087,8.573571021414224,-2.5603245193298765
16,orb,none,3000,3000,220,134,0.6090909090909091,0.3471743023598823,True,1.0309153812331657,0.9998969078195048,0.0005862432039354087,8.573571021414224,-2.5603245193298765
16,orb,open_water,3000,3000,212,118,0.5566037735849056,0.3835870865008804,True,1.0309153812331657,0.9998969078195048,0.0005862432039354087,8.573571021414224,-2.5603245193298765
16,orb,landcover,3000,3000,74,18,0.24324324324324326,2.513257345262827,False,1.0309153812331657,0.9998969078195048,0.0005862432039354087,8.573571021414224,-2.5603245193298765
16,sift,none,3000,2962,350,255,0.7285714285714285,0.0801159872260218,True,1.0309153812331657,0.9998969078195048,0.0005862432039354087,8.573571021414224,-2.5603245193298765
16,sift,open_water,2811,2727,302,225,0.7450331125827815,0.10934864705837027,True,1.0309153812331657,0.9998969078195048,0.0005862432039354087,8.573571021414224,-2.5603245193298765
16,sift,landcover,738,1553,90,52,0.5777777777777777,0.335283220896106,True,1.0309153812331657,0.9998969078195048,0.0005862432039354087,8.573571021414224,-2.5603245193298765
16,akaze,none,3000,3000,545,359,0.6587155963302752,0.3214786898030344,True,1.0309153812331657,0.9998969078195048,0.0005862432039354087,8.573571021414224,-2.5603245193298765
16,akaze,open_water,3000,3000,494,309,0.6255060728744939,0.2593916248634407,True,1.0309153812331657,0.9998969078195048,0.0005862432039354087,8.573571021414224,-2.5603245193298765
16,akaze,landcover,3000,3000,425,231,0.5435294117647059,0.2498033384364463,True,1.0309153812331657,0.9998969078195048,0.0005862432039354087,8.573571021414224,-2.5603245193298765
17,harris,none,3000,3000,534,323,0.6048689138576779,0.20722031813905142,True,0.9379342871549174,1.00844571511959,0.008641193732267566,-11.552021001572843,6.870453512289281
17,harris,open_water,3000,3000,528,351,0.6647727272727273,0.06042359738070808,True,0.9379342871549174,1.00844571511959,0.008641193732267566,-11.552021001572843,6.870453512289281
17,harris,landcover,1766,3000,151,61,0.40397350993377484,0.25668595939384675,True,0.9379342871549174,1.00844571511959,0.008641193732267566,-11.552021001572843,6.870453512289281
17,shitomasi,none,3000,3000,529,330,0.6238185255198487,0.22584323163404946,True,0.9379342871549174,1.00844571511959,0.008641193732267566,-11.552021001572843,6.870453512289281
17,shitomasi,open_water,3000,3000,519,299,0.5761078998073218,0.393792797978719,True,0.9379342871549174,1.00844571511959,0.008641193732267566,-11.552021001572843,6.870453512289281
17,shitomasi,landcover,3000,3000,215,62,0.28837209302325584,0.574401962251081,True,0.9379342871549174,1.00844571511959,0.008641193732267566,-11.552021001572843,6.870453512289281
17,fast,none,3000,3000,406,300,0.7389162561576355,0.11852709643557081,True,0.9379342871549174,1.00844571511959,0.008641193732267566,-11.552021001572843,6.870453512289281
17,fast,open_water,3000,3000,403,291,0.7220843672456576,0.15539231710764753,True,0.9379342871549174,1.00844571511959,0.008641193732267566,-11.552021001572843,6.870453512289281
17,fast,landcover,3000,3000,140,58,0.4142857142857143,0.43683055593147685,True,0.9379342871549174,1.00844571511959,0.008641193732267566,-11.552021001572843,6.870453512289281
17,orb,none,3000,3000,235,137,0.5829787234042553,0.23813580393609554,True,0.9379342871549174,1.00844571511959,0.008641193732267566,-11.552021001572843,6.870453512289281
17,orb,open_water,3000,3000,223,133,0.5964125560538116,0.3200823943880253,True,0.9379342871549174,1.00844571511959,0.008641193732267566,-11.552021001572843,6.870453512289281
17,orb,landcover,3000,3000,71,16,0.22535211267605634,2.3737605091813956,False,0.9379342871549174,1.00844571511959,0.008641193732267566,-11.552021001572843,6.870453512289281
17,sift,none,3000,2991,338,206,0.6094674556213018,0.19214984192729906,True,0.9379342871549174,1.00844571511959,0.008641193732267566,-11.552021001572843,6.870453512289281
17,sift,open_water,2811,2761,287,215,0.7491289198606271,0.10979087456217243,True,0.9379342871549174,1.00844571511959,0.008641193732267566,-11.552021001572843,6.870453512289281
17,sift,landcover,738,1566,89,51,0.5730337078651685,0.24179211443935736,True,0.9379342871549174,1.00844571511959,0.008641193732267566,-11.552021001572843,6.870453512289281
17,akaze,none,3000,3000,508,343,0.6751968503937008,0.24402559326341083,True,0.9379342871549174,1.00844571511959,0.008641193732267566,-11.552021001572843,6.870453512289281
17,akaze,open_water,3000,3000,454,300,0.6607929515418502,0.20508691461811118,True,0.9379342871549174,1.00844571511959,0.008641193732267566,-11.552021001572843,6.870453512289281
17,akaze,landcover,3000,3000,393,241,0.6132315521628499,0.253668365011913,True,0.9379342871549174,1.00844571511959,0.008641193732267566,-11.552021001572843,6.870453512289281
18,harris,none,3000,3000,527,295,0.5597722960151803,0.30638272479267364,True,1.7096957144982399,1.0187170475969858,-0.009705873900692615,10.909202707367271,14.435851201990328
18,harris,open_water,3000,3000,521,333,0.6391554702495201,0.17698789640598603,True,1.7096957144982399,1.0187170475969858,-0.009705873900692615,10.909202707367271,14.435851201990328
18,harris,landcover,1766,3000,151,52,0.3443708609271523,0.30272773184516244,True,1.7096957144982399,1.0187170475969858,-0.009705873900692615,10.909202707367271,14.435851201990328
18,shitomasi,none,3000,3000,503,304,0.6043737574552683,0.25446467529295813,True,1.7096957144982399,1.0187170475969858,-0.009705873900692615,10.909202707367271,14.435851201990328
18,shitomasi,open_water,3000,3000,496,300,0.6048387096774194,0.21651782879545897,True,1.7096957144982399,1.0187170475969858,-0.009705873900692615,10.909202707367271,14.435851201990328
18,shitomasi,landcover,3000,3000,205,64,0.3121951219512195,0.5939403808870788,True,1.7096957144982399,1.0187170475969858,-0.009705873900692615,10.909202707367271,14.435851201990328
18,fast,none,3000,3000,397,275,0.6926952141057935,0.17118780847138615,True,1.7096957144982399,1.0187170475969858,-0.009705873900692615,10.909202707367271,14.435851201990328
18,fast,open_water,3000,3000,395,261,0.660759493670886,0.17834165163778087,True,1.7096957144982399,1.0187170475969858,-0.009705873900692615,10.909202707367271,14.435851201990328
18,fast,landcover,3000,3000,135,57,0.4222222222222222,0.2879751052069326,True,1.7096957144982399,1.0187170475969858,-0.009705873900692615,10.909202707367271,14.435851201990328
18,orb,none,3000,3000,230,109,0.47391304347826085,0.532081683318002,True,1.7096957144982399,1.0187170475969858,-0.009705873900692615,10.909202707367271,14.435851201990328
18,orb,open_water,3000,3000,227,126,0.5550660792951542,0.1184387685251092,True,1.7096957144982399,1.0187170475969858,-0.009705873900692615,10.909202707367271,14.435851201990328
18,orb,landcover,3000,3000,73,18,0.2465753424657534,0.5640342689746037,True,1.7096957144982399,1.0187170475969858,-0.009705873900692615,10.909202707367271,14.435851201990328
18,sift,none,3000,2995,354,252,0.711864406779661,0.0945110899475453,True,1.7096957144982399,1.0187170475969858,-0.009705873900692615,10.909202707367271,14.435851201990328
18,sift,open_water,2811,2755,316,223,0.7056962025316456,0.11811987133304186,True,1.7096957144982399,1.0187170475969858,-0.009705873900692615,10.909202707367271,14.435851201990328
18,sift,landcover,738,1513,89,49,0.550561797752809,0.2956719025658389,True,1.7096957144982399,1.0187170475969858,-0.009705873900692615,10.909202707367271,14.435851201990328
18,akaze,none,3000,3000,504,315,0.625,0.37666341015144617,True,1.7096957144982399,1.0187170475969858,-0.009705873900692615,10.909202707367271,14.435851201990328
18,akaze,open_water,3000,3000,448,248,0.5535714285714286,0.43432064556031164,True,1.7096957144982399,1.0187170475969858,-0.009705873900692615,10.909202707367271,14.435851201990328
18,akaze,landcover,3000,3000,383,206,0.5378590078328982,0.18864493627016854,True,1.7096957144982399,1.0187170475969858,-0.009705873900692615,10.909202707367271,14.435851201990328
19,harris,none,3000,3000,523,316,0.6042065009560229,0.21456027316681103,True,1.8288407184438542,0.9859505604892999,0.009452576276459101,11.69806667161562,9.671214826292111
19,harris,open_water,3000,3000,518,332,0.640926640926641,0.19880046967622655,True,1.8288407184438542,0.9859505604892999,0.009452576276459101,11.69806667161562,9.671214826292111
19,harris,landcover,1766,3000,160,59,0.36875,0.49551179162943265,True,1.8288407184438542,0.9859505604892999,0.009452576276459101,11.69806667161562,9.671214826292111
19,shitomasi,none,3000,3000,521,330,0.6333973128598849,0.30902307809095614,True,1.8288407184438542,0.9859505604892999,0.009452576276459101,11.69806667161562,9.671214826292111
19,shitomasi,open_water,3000,3000,513,340,0.6627680311890838,0.19087409956609028,True,1.8288407184438542,0.9859505604892999,0.009452576276459101,11.69806667161562,9.671214826292111
19,shitomasi,landcover,3000,3000,215,74,0.34418604651162793,0.34455090583688747,True,1.8288407184438542,0.9859505604892999,0.009452576276459101,11.69806667161562,9.671214826292111
19,fast,none,3000,3000,379,240,0.633245382585752,0.18743177126460397,True,1.8288407184438542,0.9859505604892999,0.009452576276459101,11.69806667161562,9.671214826292111
19,fast,open_water,3000,3000,378,271,0.716931216931217,0.1763098676496895,True,1.8288407184438542,0.9859505604892999,0.009452576276459101,11.69806667161562,9.671214826292111
19,fast,landcover,3000,3000,143,61,0.42657342657342656,0.2975281473085803,True,1.8288407184438542,0.9859505604892999,0.009452576276459101,11.69806667161562,9.671214826292111
19,orb,none,3000,3000,239,155,0.6485355648535565,0.3585548974157309,True,1.8288407184438542,0.9859505604892999,0.009452576276459101,11.69806667161562,9.671214826292111
19,orb,open_water,3000,3000,229,143,0.6244541484716157,0.30842657972513987,True,1.8288407184438542,0.9859505604892999,0.009452576276459101,11.69806667161562,9.671214826292111
19,orb,landcover,3000,3000,88,13,0.14772727272727273,1.1361790518980952,False,1.8288407184438542,0.9859505604892999,0.009452576276459101,11.69806667161562,9.671214826292111
19,sift,none,3000,2948,327,226,0.691131498470948,0.15044934049918232,True,1.8288407184438542,0.9859505604892999,0.009452576276459101,11.69806667161562,9.671214826292111
19,sift,open_water,2811,2706,279,209,0.7491039426523297,0.1300953763962842,True,1.8288407184438542,0.9859505604892999,0.009452576276459101,11.69806667161562,9.671214826292111
19,sift,landcover,738,1548,85,43,0.5058823529411764,0.7782327741758073,True,1.8288407184438542,0.9859505604892999,0.009452576276459101,11.69806667161562,9.671214826292111
19,akaze,none,3000,3000,525,336,0.64,0.2744513578818314,True,1.8288407184438542,0.9859505604892999,0.009452576276459101,11.69806667161562,9.671214826292111
19,akaze,open_water,3000,3000,472,286,0.6059322033898306,0.2581602480426275,True,1.8288407184438542,0.9859505604892999,0.009452576276459101,11.69806667161562,9.671214826292111
19,akaze,landcover,3000,3000,383,212,0.5535248041775457,0.4076092956475683,True,1.8288407184438542,0.9859505604892999,0.009452576276459101,11.69806667161562,9.671214826292111
