detector,filter,keypoints,matches,inliers,inlier_ratio,median_err_px,worst_err_px,success_rate
harris,none,3000.0,536.6,332.7,0.6198,0.1896,0.4077,1.0
harris,open_water,3000.0,531.8,343.2,0.6455,0.1346,0.2619,1.0
harris,landcover,1766.0,158.6,60.7,0.3827,0.2874,0.5849,1.0
shitomasi,none,3000.0,526.95,325.2,0.6171,0.2222,0.3752,1.0
shitomasi,open_water,3000.0,518.8,319.0,0.6149,0.196,0.5482,1.0
shitomasi,landcover,3000.0,218.4,67.75,0.3106,0.5762,0.9151,1.0
fast,none,3000.0,393.7,273.4,0.6943,0.1669,0.4727,1.0
fast,open_water,3000.0,392.9,273.35,0.6948,0.1706,0.4236,1.0
fast,landcover,3000.0,138.5,58.95,0.4265,0.3065,0.5418,1.0
orb,none,3000.0,239.95,139.35,0.581,0.4267,0.7878,1.0
orb,open_water,3000.0,229.7,137.2,0.5979,0.3244,0.5801,1.0
orb,landcover,3000.0,76.15,16.7,0.2205,0.9444,2.5133,0.55
sift,none,3000.0,345.45,241.65,0.6991,0.1103,0.2965,1.0
sift,open_water,2811.0,297.9,219.1,0.7358,0.1197,0.1786,1.0
sift,landcover,738.0,87.75,48.2,0.5486,0.3411,0.7782,1.0
akaze,none,3000.0,527.25,336.1,0.6372,0.2225,0.5217,1.0
akaze,open_water,3000.0,474.85,286.55,0.6033,0.2549,0.4343,1.0
akaze,landcover,3000.0,392.85,213.65,0.544,0.3102,0.7054,1.0
